,concat_index,Player,Rush Yds,Att,TD,20+,40+,Lng,Rush 1st,Rush 1st%,Rush FUM,season_year
0,0,Jonathan Taylor,1811,332,18,14,5,83,107,32.2,3,2021
1,1,Nick Chubb,1259,228,8,12,2,70,61,26.8,2,2021
2,2,Joe Mixon,1205,292,13,6,0,32,60,20.6,1,2021
3,3,Najee Harris,1200,307,7,6,0,37,62,20.2,0,2021
4,4,Dalvin Cook,1159,249,6,9,1,66,57,22.9,3,2021
5,5,Antonio Gibson,1037,258,7,4,0,27,65,25.2,5,2021
6,6,Ezekiel Elliott,1002,237,10,3,1,47,55,23.2,1,2021
7,7,Elijah Mitchell,963,207,5,6,0,39,47,22.7,0,2021
8,8,Derrick Henry,937,219,10,3,2,76,49,22.4,1,2021
9,9,Damien Harris,929,202,15,8,1,64,55,27.2,2,2021
10,10,Melvin Gordon,918,203,8,3,2,70,48,23.6,3,2021
11,11,Austin Ekeler,911,206,12,3,0,28,53,25.7,0,2021
12,12,Javonte Williams,903,203,4,6,1,49,52,25.6,2,2021
13,13,Alvin Kamara,898,240,4,3,0,30,42,17.5,0,2021
14,14,Josh Jacobs,872,217,9,2,0,28,45,20.7,2,2021
15,15,Devin Singletary,870,188,7,6,2,46,44,23.4,2,2021
16,16,David Montgomery,846,225,7,5,1,41,55,24.4,2,2021
17,17,Sony Michel,845,208,4,2,0,39,49,23.6,1,2021
18,18,Leonard Fournette,812,180,8,5,1,47,45,25.0,0,2021
19,19,AJ Dillon,803,187,5,2,0,36,50,26.7,1,2021
20,20,Aaron Jones,799,171,4,5,1,57,37,21.6,1,2021
21,21,Jalen Hurts,784,139,10,7,0,31,56,40.3,4,2021
22,22,Lamar Jackson,767,133,2,5,0,31,48,36.1,3,2021
23,23,James Robinson,767,164,8,4,1,58,41,25.0,2,2021
24,24,Josh Allen,763,122,6,9,0,34,54,44.3,5,2021
25,0,Miles Sanders,754,137,0,7,0,38,33,24.1,1,2021
26,1,James Conner,752,202,15,3,0,35,53,26.2,2,2021
27,2,Rashaad Penny,749,119,6,11,2,62,28,23.5,0,2021
28,3,Tony Pollard,719,130,2,4,1,58,35,26.9,0,2021
29,4,Darrell Henderson,688,149,5,1,0,29,39,26.2,0,2021
30,5,Michael Carter,639,147,4,3,1,55,29,19.7,0,2021
31,6,D'Andre Swift,617,151,5,3,1,57,28,18.5,0,2021
32,7,Myles Gaskin,612,173,3,2,0,30,25,14.4,2,2021
33,8,Chuba Hubbard,612,172,5,3,0,26,36,20.9,1,2021
34,9,Cordarrelle Patterson,610,153,6,2,0,39,29,19.0,2,2021
35,10,Rhamondre Stevenson,606,133,5,1,0,21,33,24.8,1,2021
36,11,Jamaal Williams,601,153,3,1,0,20,42,27.4,1,2021
37,12,Saquon Barkley,593,162,2,3,1,41,27,16.7,1,2021
38,13,Devontae Booker,593,145,2,3,0,31,31,21.4,0,2021
39,14,Chase Edmonds,592,116,2,3,2,54,32,27.6,0,2021
40,15,Devonta Freeman,576,133,5,4,0,32,31,23.3,0,2021
41,16,D'Onta Foreman,563,133,3,4,0,35,22,16.5,2,2021
42,17,Darrel Williams,558,144,6,1,0,21,40,27.8,0,2021
43,18,Mark Ingram,554,160,2,2,0,28,22,13.8,1,2021
44,19,D'Ernest Johnson,534,100,3,4,0,30,24,24.0,0,2021
45,20,Clyde Edwards-Helaire,517,119,4,0,0,17,21,17.6,2,2021
46,21,Mike Davis,503,138,3,0,0,18,21,15.2,2,2021
47,22,Latavius Murray,501,119,6,3,1,46,36,30.2,0,2021
48,23,Alexander Mattison,491,134,3,2,1,48,28,20.9,1,2021
49,24,Christian McCaffrey,442,99,1,0,0,18,20,20.2,1,2021
50,0,Khalil Herbert,433,103,2,4,0,29,24,23.3,0,2021
51,1,Ronald Jones,428,101,4,1,0,30,25,24.8,2,2021
52,2,Rex Burkhead,427,122,3,2,0,36,30,24.6,1,2021
53,3,Kyler Murray,423,88,5,1,1,57,25,28.4,11,2021
54,4,Justin Fields,420,72,2,3,0,23,22,30.6,6,2021
55,5,Alex Collins,411,108,2,2,0,25,22,20.4,0,2021
56,6,Jordan Howard,406,86,3,1,0,25,24,27.9,0,2021
57,7,Kareem Hunt,386,78,5,2,0,33,22,28.2,0,2021
58,8,Patrick Mahomes,381,66,2,4,0,32,25,37.9,3,2021
59,9,Taysom Hill,374,70,5,3,1,44,26,37.1,1,2021
60,10,Boston Scott,373,87,7,2,0,23,24,27.6,1,2021
61,11,Deebo Samuel,365,59,8,5,1,49,21,35.6,0,2021
62,12,Justin Jackson,364,68,2,2,1,75,18,26.5,1,2021
63,13,Tevin Coleman,356,84,0,1,0,20,19,22.6,0,2021
64,14,Dontrell Hilliard,350,56,2,2,1,68,15,26.8,1,2021
65,15,Zack Moss,345,96,4,0,0,17,22,22.9,0,2021
66,16,Trevor Lawrence,334,73,2,1,0,26,22,30.1,2,2021
67,17,Duke Johnson,330,71,3,1,0,27,18,25.4,0,2021
68,18,Taylor Heinicke,313,60,1,2,0,38,20,33.3,4,2021
69,19,Justin Herbert,302,63,3,1,0,36,28,44.4,0,2021
70,20,Daniel Jones,298,62,2,2,1,46,16,25.8,2,2021
71,21,Tyler Huntley,294,47,2,1,0,21,22,46.8,1,2021
72,22,Jeff Wilson,294,79,2,0,0,17,19,24.0,1,2021
73,23,Kenneth Gainwell,291,68,5,0,0,18,19,27.9,1,2021
74,24,Nyheim Hines,276,56,2,2,0,34,15,26.8,0,2021
75,0,Ryan Tannehill,270,55,7,2,0,28,33,60.0,5,2021
76,1,Jaret Patterson,266,68,2,0,0,13,15,22.1,1,2021
77,2,Derrick Gore,256,51,2,2,1,51,12,23.5,0,2021
78,3,Kenyan Drake,254,63,2,1,0,21,15,23.8,0,2021
79,4,Carlos Hyde,253,72,1,0,0,18,14,19.4,2,2021
80,5,Phillip Lindsay,249,88,1,1,0,35,11,12.5,0,2021
81,6,Samaje Perine,246,55,1,2,1,46,11,20.0,0,2021
82,7,Ty Johnson,238,61,2,2,0,24,13,21.3,1,2021
83,8,Chris Carson,232,54,3,2,0,33,11,20.4,1,2021
84,9,Craig Reynolds,230,55,0,2,0,35,11,20.0,0,2021
85,10,David Johnson,228,67,0,0,0,15,7,10.4,1,2021
86,11,Cam Newton,227,47,5,2,0,33,20,42.6,5,2021
87,12,Brandon Bolden,226,44,1,2,0,24,12,27.3,1,2021
88,13,Sam Darnold,222,48,5,2,0,30,21,43.8,2,2021
89,14,Carson Wentz,215,57,1,0,0,18,21,36.8,4,2021
90,15,Peyton Barber,212,55,2,1,0,27,12,21.8,2,2021
91,16,J.D. McKissic,212,48,2,0,0,15,14,29.2,0,2021
92,17,Ty'Son Williams,185,35,1,2,0,35,8,22.9,1,2021
93,18,Zach Wilson,185,29,4,3,1,52,10,34.5,0,2021
94,19,Russell Wilson,183,43,2,0,0,17,17,39.5,2,2021
95,20,Ke'Shawn Vaughn,180,36,2,1,1,55,9,25.0,0,2021
96,21,Travis Homer,177,21,1,2,1,73,7,33.3,0,2021
97,22,Royce Freeman,169,56,0,0,0,13,8,14.3,0,2021
98,23,Trey Lance,168,38,1,0,0,15,8,21.0,0,2021
99,24,Trey Sermon,167,41,1,0,0,16,9,22.0,0,2021
100,0,Ameer Abdullah,166,51,0,0,0,15,8,15.7,0,2021
101,1,Jameis Winston,166,32,1,1,0,20,17,53.1,0,2021
102,2,Damien Williams,164,40,2,1,0,23,11,27.5,0,2021
103,3,Jeremy McNichols,156,41,0,0,0,14,6,14.6,0,2021
104,4,Tyrod Taylor,151,19,3,2,0,30,7,36.8,3,2021
105,5,Salvon Ahmed,149,54,0,0,0,16,8,14.8,0,2021
106,6,Tony Jones,142,54,0,0,0,11,7,13.0,0,2021
107,7,Corey Clement,140,33,0,1,0,38,7,21.2,0,2021
108,8,DeeJay Dallas,138,33,2,0,0,15,10,30.3,0,2021
109,9,Dare Ogunbowale,137,43,1,0,0,12,5,11.6,0,2021
110,10,Baker Mayfield,134,37,1,0,0,14,12,32.4,1,2021
111,11,Dak Prescott,131,48,1,1,0,21,7,14.6,8,2021
112,12,Mac Jones,129,44,0,0,0,13,22,50.0,3,2021
113,13,Tua Tagovailoa,128,42,3,1,0,23,13,31.0,4,2021
114,14,Kendrick Bourne,125,12,0,0,0,18,7,58.3,0,2021
115,15,Matt Breida,125,26,1,1,0,28,5,19.2,1,2021
116,16,Malcolm Brown,125,33,1,1,0,24,6,18.2,0,2021
117,17,Eno Benjamin,118,34,1,1,0,21,4,11.8,0,2021
118,18,Joe Burrow,118,40,2,0,0,12,14,35.0,1,2021
119,19,Godwin Igwebuike,118,18,1,1,1,42,7,38.9,2,2021
120,20,Kirk Cousins,115,29,1,1,0,29,8,27.6,2,2021
121,21,Jamal Agnew,111,7,1,1,1,66,3,42.9,0,2021
122,22,Derek Carr,108,40,0,1,0,22,9,22.5,4,2021
123,23,Teddy Bridgewater,106,30,2,0,0,13,16,53.3,1,2021
124,24,Qadree Ollison,105,21,1,0,0,19,7,33.3,1,2021
125,0,Wayne Gallman,104,28,0,0,0,17,5,17.9,0,2021
126,1,Joshua Kelley,102,33,0,0,0,14,5,15.2,1,2021
127,2,Le'Veon Bell,101,39,2,0,0,12,9,23.1,0,2021
128,3,Marlon Mack,101,28,0,1,0,22,6,21.4,0,2021
129,4,Aaron Rodgers,101,33,3,0,0,18,10,30.3,2,2021
130,5,Austin Walter,101,26,1,0,0,14,5,19.2,0,2021
131,6,Elijhaa Penny,99,24,1,0,0,12,9,37.5,0,2021
132,7,Adrian Peterson,98,38,2,0,0,16,6,15.8,1,2021
133,8,Benny Snell,98,36,0,0,0,9,2,5.6,0,2021
134,9,Chase Claypool,96,14,0,1,0,25,7,50.0,0,2021
135,10,Tyreek Hill,96,9,0,1,0,33,4,44.4,0,2021
136,11,DeAndre Carter,89,10,0,1,0,27,4,40.0,1,2021
137,12,Patrick Taylor,89,23,1,0,0,12,5,21.7,0,2021
138,13,Jared Goff,87,17,0,1,0,26,4,23.5,3,2021
139,14,Marcus Mariota,87,13,1,1,0,31,6,46.2,1,2021
140,15,Larry Rountree III,87,36,1,0,0,13,5,13.9,0,2021
141,16,Matt Ryan,82,40,1,0,0,17,9,22.5,5,2021
142,17,Tom Brady,81,28,2,0,0,13,14,50.0,2,2021
143,18,Ryquell Armstead,80,15,0,1,0,26,3,20.0,0,2021
144,19,Jonathan Williams,79,17,1,1,0,23,7,41.2,0,2021
145,20,Chris Evans,77,17,0,0,0,13,3,17.6,0,2021
146,21,Andy Dalton,76,16,0,0,0,14,2,12.5,0,2021
147,22,CeeDee Lamb,76,9,0,1,0,33,4,44.4,0,2021
148,23,Rondale Moore,76,18,0,1,0,26,2,11.1,0,2021
149,24,Jermar Jefferson,74,15,2,1,0,28,4,26.7,0,2021
150,0,Jacoby Brissett,70,19,1,0,0,19,9,47.4,0,2021
151,1,JaMycal Hasty,68,16,1,1,0,21,6,37.5,0,2021
152,2,Jake Fromm,65,8,0,1,0,27,4,50.0,0,2021
153,3,Jerick McKinnon,62,12,0,0,0,18,2,16.7,0,2021
154,4,Kene Nwangwu,61,13,0,0,0,19,3,23.1,0,2021
155,5,Amon-Ra St. Brown,61,7,1,1,0,26,2,28.6,0,2021
156,6,D'Wayne Eskridge,59,4,0,1,0,30,2,50.0,0,2021
157,7,Giovani Bernard,58,8,0,1,0,24,3,37.5,0,2021
158,8,Elijah Moore,54,5,1,0,0,19,3,60.0,0,2021
159,9,Diontae Johnson,53,5,0,1,0,25,2,40.0,0,2021
160,10,Drew Lock,53,10,2,1,0,23,5,50.0,1,2021
161,11,Mason Rudolph,53,5,0,1,0,26,3,60.0,1,2021
162,12,Jason Huntley,51,13,0,0,0,18,2,15.4,0,2021
163,13,Trayveon Williams,51,15,0,0,0,10,4,26.7,0,2021
164,14,Devin Duvernay,50,7,0,0,0,19,3,42.9,0,2021
165,15,D.J. Moore,48,8,0,0,0,14,4,50.0,0,2021
166,16,Isaiah McKenzie,47,9,1,0,0,10,4,44.4,0,2021
167,17,Jimmy Garoppolo,46,38,3,0,0,7,15,39.5,5,2021
168,18,Mecole Hardman,46,8,0,1,0,24,2,25.0,1,2021
169,19,Robert Woods,46,8,1,0,0,16,1,12.5,0,2021
170,20,Davis Mills,44,18,0,0,0,11,5,27.8,1,2021
171,21,Ty Montgomery,44,15,0,0,0,9,2,13.3,0,2021
172,22,Michael Pittman,44,5,0,1,0,25,1,20.0,0,2021
173,23,Scott Miller,43,2,1,1,0,33,2,100.0,0,2021
174,24,Geno Smith,42,9,1,0,0,12,3,33.3,0,2021
175,0,Deonte Harty,41,5,0,1,0,22,1,20.0,0,2021
176,1,Laviska Shenault Jr.,41,11,0,0,0,11,2,18.2,0,2021
177,2,Matthew Stafford,41,32,0,0,0,12,8,25.0,1,2021
178,3,Braxton Berrios,40,7,2,0,0,11,3,42.9,0,2021
179,4,Jarvis Landry,40,6,2,0,0,16,4,66.7,1,2021
180,5,Jalen Richard,40,9,0,1,0,23,3,33.3,0,2021
181,6,Jonnu Smith,40,9,0,0,0,9,2,22.2,0,2021
182,7,Anthony Schwartz,39,6,0,0,0,17,4,66.7,0,2021
183,8,James White,38,10,1,0,0,10,4,40.0,0,2021
184,9,Colt McCoy,37,22,0,0,0,11,6,27.3,2,2021
185,10,J.J. Taylor,37,19,2,0,0,15,3,15.8,0,2021
186,11,Robbie Anderson,36,3,0,1,0,30,1,33.3,0,2021
187,12,Kalen Ballage,36,12,0,0,0,13,2,16.7,0,2021
188,13,Mike Boone,35,4,0,0,0,16,2,50.0,0,2021
189,14,Jalen Guyton,34,7,0,1,0,21,2,28.6,1,2021
190,15,C.J. Ham,34,7,0,1,0,30,3,42.9,0,2021
191,16,Mike Glennon,33,7,1,0,0,13,2,28.6,1,2021
192,17,Jakeem Grant,33,5,0,0,0,13,2,40.0,0,2021
193,18,Jonathan Ward,33,9,0,0,0,7,3,33.3,0,2021
194,19,Ashton Dulin,32,3,0,1,0,37,1,33.3,0,2021
195,20,Allen Lazard,32,3,0,0,0,14,2,66.7,0,2021
196,21,Darnell Mooney,32,6,1,0,0,15,2,33.3,0,2021
197,22,Jalen Reagor,32,10,0,0,0,12,3,30.0,0,2021
198,23,Freddie Swain,32,5,0,0,0,11,2,40.0,0,2021
199,24,Deon Jackson,31,13,1,0,0,10,2,15.4,0,2021
200,0,La'Mical Perine,31,8,0,0,0,14,1,12.5,0,2021
201,1,Emmanuel Sanders,31,2,0,1,0,24,2,100.0,0,2021
202,2,Keith Smith,31,9,0,0,0,8,3,33.3,0,2021
203,3,JaQuan Hardy,29,4,1,1,0,22,1,25.0,0,2021
204,4,Josh Johnson,28,9,0,0,0,11,1,11.1,2,2021
205,5,C.J. Moore,28,1,0,1,0,28,1,100.0,0,2021
206,6,Kalif Raymond,28,4,0,0,0,13,2,50.0,0,2021
207,7,Jordan Love,27,12,0,0,0,10,1,8.3,1,2021
208,8,Michael Burton,26,8,1,0,0,7,8,100.0,0,2021
209,9,Wendell Smallwood,25,5,0,0,0,13,2,40.0,0,2021
210,10,Greg Dortch,24,1,0,1,0,24,1,100.0,0,2021
211,11,Demetric Felton,24,7,0,0,0,12,0,0.0,0,2021
212,12,Kylin Hill,24,10,0,0,0,8,1,10.0,0,2021
213,13,Mitchell Trubisky,24,13,1,1,0,22,3,23.1,0,2021
214,14,Jason Cabinda,23,3,0,1,0,21,2,66.7,0,2021
215,15,Tyler Boyd,22,2,0,0,0,14,1,50.0,0,2021
216,16,Kyle Juszczyk,22,8,1,0,0,6,3,37.5,0,2021
217,17,Case Keenum,22,12,0,0,0,10,6,50.0,0,2021
218,18,Alex Armah,21,5,0,0,0,9,4,80.0,0,2021
219,19,Tavon Austin,21,3,0,0,0,8,1,33.3,0,2021
220,20,Ja'Marr Chase,21,7,0,0,0,10,2,28.6,0,2021
221,21,Brandin Cooks,21,2,0,0,0,16,1,50.0,0,2021
222,22,Chris Godwin,21,4,1,0,0,9,4,100.0,0,2021
223,23,Gardner Minshew,21,9,0,0,0,9,2,22.2,1,2021
224,24,Zach Pascal,21,2,0,0,0,12,0,0.0,0,2021
225,0,Gerald Everett,20,3,0,0,0,13,2,66.7,0,2021
226,1,Van Jefferson,20,2,0,0,0,10,1,50.0,0,2021
227,2,George Kittle,20,3,0,0,0,9,0,0.0,0,2021
228,3,Raheem Mostert,20,2,0,0,0,11,1,50.0,0,2021
229,4,Trevor Siemian,20,9,1,0,0,17,2,22.2,0,2021
230,5,Andre Roberts,19,3,0,0,0,9,0,0.0,0,2021
231,6,Cooper Kupp,18,4,0,0,0,18,1,25.0,0,2021
232,7,Brandon Aiyuk,17,5,0,0,0,8,0,0.0,0,2021
233,8,Albert Wilson,17,4,0,0,0,14,1,25.0,0,2021
234,9,John Ross,16,1,0,0,0,16,1,100.0,0,2021
235,10,Henry Ruggs III,16,3,0,0,0,7,0,0.0,0,2021
236,11,Dwayne Washington,16,4,0,0,0,5,0,0.0,0,2021
237,12,Cameron Batson,15,2,0,0,0,11,1,50.0,0,2021
238,13,Ray-Ray McCloud,15,2,0,0,0,10,0,0.0,0,2021
239,14,Odell Beckham Jr.,14,2,0,0,0,10,1,50.0,0,2021
240,15,Sean Chandler,14,1,0,0,0,14,1,100.0,0,2021
241,16,Cyril Grayson,14,1,0,0,0,14,1,100.0,0,2021
242,17,Justin Jefferson,14,6,0,0,0,11,1,16.7,0,2021
243,18,Sean Mannion,14,2,0,0,0,11,2,100.0,0,2021
244,19,Equanimeous St. Brown,14,3,0,0,0,13,2,66.7,0,2021
245,20,Tim Boyle,13,2,0,0,0,14,1,50.0,0,2021
246,21,John Kelly,13,2,0,0,0,11,1,50.0,0,2021
247,22,Scottie Phillips,13,6,0,0,0,4,1,16.7,0,2021
248,23,PJ Walker,13,7,0,0,0,13,2,28.6,2,2021
249,24,James Washington,13,2,0,0,0,12,1,50.0,0,2021
250,0,Terry McLaurin,12,1,0,0,0,12,1,100.0,0,2021
251,1,Jacques Patrick,12,2,0,0,0,8,1,50.0,0,2021
252,2,Nelson Agholor,11,3,0,0,0,6,0,0.0,0,2021
253,3,Kyle Allen,11,2,0,0,0,11,1,50.0,0,2021
254,4,Jaelon Darden,11,1,0,0,0,11,1,100.0,0,2021
255,5,Buddy Howell,11,5,0,0,0,4,0,0.0,0,2021
256,6,Christian Kirk,11,1,0,0,0,11,1,100.0,0,2021
257,7,Amari Rodgers,11,1,0,0,0,11,1,100.0,0,2021
258,8,Curtis Samuel,11,4,0,0,0,8,0,0.0,0,2021
259,9,Mekhi Sargent,11,5,0,0,0,3,1,20.0,0,2021
260,10,Tommy Tremble,11,3,1,0,0,7,1,33.3,0,2021
261,11,Ced Wilson,11,2,0,0,0,6,1,50.0,0,2021
262,12,Blake Bell,10,4,0,0,0,3,4,100.0,0,2021
263,13,A.J. Brown,10,2,0,0,0,7,1,50.0,0,2021
264,14,Mike Evans,10,1,0,0,0,10,1,100.0,0,2021
265,15,K.J. Osborn,10,1,0,0,0,10,1,100.0,0,2021
266,16,Sam Ehlinger,9,3,0,0,0,9,1,33.3,0,2021
267,17,Tyler Lockett,9,2,0,0,0,7,0,0.0,0,2021
268,18,Jakobi Meyers,9,1,0,0,0,9,0,0.0,0,2021
269,19,Gunner Olszewski,9,1,0,0,0,9,0,0.0,0,2021
270,20,Trey Ragas,9,1,0,0,0,9,1,100.0,0,2021
271,21,Chester Rogers,9,1,0,0,0,9,0,0.0,0,2021
272,22,Jaylen Samuels,9,5,0,0,0,3,0,0.0,0,2021
273,23,JuJu Smith-Schuster,9,3,1,0,0,3,1,33.3,0,2021
274,24,Nick Foles,8,4,0,0,0,8,1,25.0,0,2021
275,0,Gabe Nabers,8,3,0,0,0,4,1,33.3,0,2021
276,1,Damarea Crockett,7,3,0,0,0,6,0,0.0,0,2021
277,2,Darrynton Evans,7,2,0,0,0,5,0,0.0,0,2021
278,3,Cam Sims,7,1,0,0,0,7,0,0.0,0,2021
279,4,Tremon Smith,7,1,0,0,0,7,0,0.0,0,2021
280,5,Preston Williams,7,1,0,0,0,7,0,0.0,0,2021
281,6,Khari Blasingame,6,3,0,0,0,3,1,33.3,1,2021
282,7,David Blough,6,1,0,0,0,6,0,0.0,0,2021
283,8,C.J. Board,6,1,0,0,0,6,0,0.0,0,2021
284,9,Ian Book,6,3,0,0,0,3,1,33.3,0,2021
285,10,Antonio Brown,6,1,0,0,0,6,0,0.0,0,2021
286,11,Feleipe Franks,6,3,0,0,0,4,0,0.0,0,2021
287,12,Dallin Leavitt,6,2,0,0,0,4,2,100.0,0,2021
288,13,DK Metcalf,6,1,0,0,0,6,0,0.0,0,2021
289,14,Josh Palmer,6,1,0,0,0,6,0,0.0,0,2021
290,15,Chris Streveler,6,3,0,0,0,4,0,0.0,1,2021
291,16,Kadarius Toney,6,3,0,0,0,7,0,0.0,0,2021
292,17,Marquise Brown,5,1,0,0,0,5,1,100.0,0,2021
293,18,Jake Funk,5,2,0,0,0,6,0,0.0,0,2021
294,19,Adam Prentice,5,3,0,0,0,2,2,66.7,0,2021
295,20,Ben Roethlisberger,5,20,1,0,0,8,3,15.0,0,2021
296,21,Johnny Stanton,5,3,0,0,0,3,2,66.7,0,2021
297,22,Reggie Bonnafon,4,1,0,0,0,4,0,0.0,0,2021
298,23,Gary Brightwell,4,1,0,0,0,4,0,0.0,0,2021
299,24,Trenton Cannon,4,3,0,0,0,3,0,0.0,0,2021
300,0,Zach Ertz,4,1,0,0,0,4,0,0.0,0,2021
301,1,DeSean Jackson,4,1,0,0,0,4,0,0.0,0,2021
302,2,Dawson Knox,4,0,0,0,0,4,0,0.0,0,2021
303,3,Patrick Laird,4,1,0,0,0,4,0,0.0,0,2021
304,4,Braden Mann,4,1,0,0,0,4,0,0.0,0,2021
305,5,Ryan Nall,4,1,0,0,0,4,0,0.0,0,2021
306,6,Patrick Ricard,4,2,0,0,0,2,2,100.0,0,2021
307,7,Ito Smith,4,1,1,0,0,4,1,100.0,0,2021
308,8,Andrew Wingard,4,1,0,0,0,4,1,100.0,0,2021
309,9,Cam Akers,3,5,0,0,0,2,0,0.0,0,2021
310,10,Jordan Akins,3,1,0,0,0,3,1,100.0,0,2021
311,11,Chris Conley,3,1,0,0,0,3,1,100.0,0,2021
312,12,Pharoh Cooper,3,1,0,0,0,3,0,0.0,0,2021
313,13,Nathan Cottrell,3,1,0,0,0,3,0,0.0,0,2021
314,14,Joe Flacco,3,2,0,0,0,2,1,50.0,0,2021
315,15,Maurice Ffrench,3,1,0,0,0,3,0,0.0,0,2021
316,16,Reggie Gilliam,3,3,0,0,0,2,0,0.0,0,2021
317,17,Jerry Jeudy,3,2,0,0,0,3,0,0.0,0,2021
318,18,Zay Jones,3,2,0,0,0,4,0,0.0,0,2021
319,19,Travis Kelce,3,2,1,0,0,4,1,50.0,0,2021
320,20,Anthony McFarland,3,3,0,0,0,3,0,0.0,0,2021
321,21,Stanley Morgan,3,1,0,0,0,3,0,0.0,0,2021
322,22,Hunter Renfrow,3,3,0,0,0,5,0,0.0,0,2021
323,23,Durham Smythe,3,2,0,0,0,2,2,100.0,0,2021
324,24,Jaylen Waddle,3,2,1,0,0,2,1,50.0,0,2021
325,0,Quez Watkins,3,1,0,0,0,3,0,0.0,0,2021
326,1,C.J. Beathard,2,1,0,0,0,2,0,0.0,0,2021
327,2,Ryan Fitzpatrick,2,1,0,0,0,2,0,0.0,0,2021
328,3,Nathan Peterman,2,2,0,0,0,1,1,50.0,0,2021
329,4,Adam Thielen,2,1,0,0,0,2,0,0.0,0,2021
330,5,Olamide Zaccheaus,2,1,0,0,0,2,1,100.0,0,2021
331,6,Randall Cobb,1,1,0,0,0,1,0,0.0,0,2021
332,7,Eric Ebron,1,1,1,0,0,1,1,100.0,0,2021
333,8,Alec Ingold,1,2,0,0,0,1,1,50.0,0,2021
334,9,Dax Milne,1,1,0,0,0,1,0,0.0,0,2021
335,10,David Njoku,1,1,0,0,0,1,0,0.0,0,2021
336,11,Michael Palardy,1,1,0,0,0,1,0,0.0,0,2021
337,12,Kenny Stills,1,1,0,0,0,1,0,0.0,0,2021
338,13,Derek Watt,1,1,0,0,0,1,1,100.0,0,2021
339,14,Mark Andrews,0,1,0,0,0,0,0,0.0,0,2021
340,15,Jake Bailey,0,0,0,0,0,0,0,0.0,0,2021
341,16,Kenjon Barner,0,4,0,0,0,1,0,0.0,0,2021
342,17,Phillip Dorsett,0,1,0,0,0,0,0,0.0,0,2021
343,18,Bryan Edwards,0,1,0,0,0,0,0,0.0,0,2021
344,19,Clayton Fejedelem,0,1,0,0,0,0,0,0.0,1,2021
345,20,Jamie Gillan,0,1,0,0,0,0,0,0.0,1,2021
346,21,Johnny Hekker,0,1,0,0,0,0,0,0.0,1,2021
347,22,Chad Henne,0,8,0,0,0,4,0,0.0,2,2021
348,23,Andy Janovich,0,2,1,0,0,1,1,50.0,0,2021
349,24,Cole Kmet,0,1,0,0,0,0,0,0.0,0,2021
350,0,Andy Lee,0,1,0,0,0,0,0,0.0,1,2021
351,1,Brandon Allen,-1,7,0,0,0,3,1,14.3,1,2021
352,2,Kurt Benkert,-1,2,0,0,0,0,0,0.0,0,2021
353,3,Marquise Goodwin,-1,2,0,0,0,1,0,0.0,0,2021
354,4,Nate McCrary,-1,1,0,0,0,-1,0,0.0,0,2021
355,5,Jeff Smith,-1,1,0,0,0,-1,0,0.0,0,2021
356,6,Mike White,-1,5,0,0,0,2,2,40.0,0,2021
357,7,John Wolford,-1,2,0,0,0,0,0,0.0,0,2021
358,8,Chase Daniel,-2,2,0,0,0,-1,0,0.0,0,2021
359,9,Marcus Johnson,-2,2,0,0,0,5,1,50.0,0,2021
360,10,Alex Bachman,-3,1,0,0,0,-3,0,0.0,0,2021
361,11,Evan Engram,-3,1,0,0,0,-3,0,0.0,0,2021
362,12,Devine Ozigbo,-3,1,0,0,0,-3,0,0.0,0,2021
363,13,Breshad Perriman,-3,1,0,0,0,-3,0,0.0,0,2021
364,14,Shi Smith,-3,1,0,0,0,-3,0,0.0,0,2021
365,15,Davis Webb,-3,2,0,0,0,-1,0,0.0,0,2021
366,16,Dyami Brown,-4,1,0,0,0,-4,0,0.0,0,2021
367,17,Logan Woodside,-6,6,0,0,0,-1,0,0.0,0,2021
368,18,Blaine Gabbert,-7,9,0,0,0,0,0,0.0,0,2021
369,19,Brian Hoyer,-8,11,0,0,0,2,1,9.1,0,2021
370,20,Cooper Rush,-8,9,0,0,0,2,0,0.0,0,2021
371,21,Sterling Shepard,-9,1,0,0,0,-9,0,0.0,0,2021
372,22,Darius Slayton,-13,1,0,0,0,-13,0,0.0,0,2021
373,0,Josh Jacobs,1653,340,12,7,2,86,93,27.4,2,2022
374,1,Derrick Henry,1538,349,13,10,4,56,65,18.6,4,2022
375,2,Nick Chubb,1525,302,12,13,1,41,69,22.8,1,2022
376,3,Saquon Barkley,1312,295,10,9,2,68,62,21.0,1,2022
377,4,Miles Sanders,1269,259,11,9,1,40,62,23.9,1,2022
378,5,Dalvin Cook,1173,264,8,5,3,81,50,18.9,3,2022
379,6,Justin Fields,1143,160,8,10,4,67,65,40.6,8,2022
380,7,Christian McCaffrey,1139,244,8,9,1,49,59,24.2,1,2022
381,8,Travis Etienne,1125,220,5,8,4,62,52,23.6,3,2022
382,9,Aaron Jones,1121,213,2,6,0,36,54,25.4,3,2022
383,10,Jamaal Williams,1066,262,17,4,2,58,65,24.8,3,2022
384,11,Kenneth Walker III,1050,228,9,10,3,74,51,22.4,0,2022
385,12,Rhamondre Stevenson,1040,210,5,7,1,49,49,23.3,2,2022
386,13,Tyler Allgeier,1035,210,3,6,3,44,53,25.2,0,2022
387,14,Najee Harris,1034,272,7,1,0,36,45,16.5,2,2022
388,15,Tony Pollard,1007,193,9,9,3,57,46,23.8,0,2022
389,16,Dameon Pierce,939,220,4,7,2,75,54,24.6,4,2022
390,17,Austin Ekeler,915,204,13,4,2,72,46,22.6,3,2022
391,18,D'Onta Foreman,914,203,5,8,1,60,45,22.2,1,2022
392,19,Alvin Kamara,897,223,2,3,0,27,40,17.9,2,2022
393,20,Raheem Mostert,891,181,3,6,1,67,44,24.3,1,2022
394,21,Ezekiel Elliott,876,231,12,5,0,27,52,22.5,0,2022
395,22,Jonathan Taylor,861,192,4,5,1,66,39,20.3,3,2022
396,23,Jeff Wilson,860,176,5,7,1,41,43,24.4,2,2022
397,24,Isiah Pacheco,830,170,5,3,0,31,37,21.8,3,2022
398,0,Devin Singletary,819,177,5,5,0,33,42,23.7,3,2022
399,1,Joe Mixon,814,210,7,4,1,40,47,22.4,0,2022
400,2,David Montgomery,801,201,5,2,0,28,41,20.4,1,2022
401,3,Brian Robinson,797,205,2,2,0,24,49,23.9,2,2022
402,4,Cam Akers,786,188,7,3,1,42,39,20.7,2,2022
403,5,James Conner,782,183,7,3,0,23,48,26.2,3,2022
404,6,AJ Dillon,770,186,7,3,0,27,47,25.3,0,2022
405,7,Lamar Jackson,764,112,3,5,1,79,46,41.1,2,2022
406,8,Josh Allen,762,124,7,8,1,44,55,44.4,7,2022
407,9,Jalen Hurts,760,165,13,7,1,42,67,40.6,5,2022
408,10,Latavius Murray,760,171,6,5,1,52,44,25.7,1,2022
409,11,Khalil Herbert,731,129,4,4,2,63,26,20.2,0,2022
410,12,Daniel Jones,708,120,7,4,0,25,57,47.5,2,2022
411,13,Cordarrelle Patterson,695,144,8,4,1,40,39,27.1,1,2022
412,14,Leonard Fournette,668,189,3,1,0,23,39,20.6,0,2022
413,15,Taysom Hill,575,96,7,3,2,60,34,35.4,1,2022
414,16,Antonio Gibson,546,149,3,1,0,20,32,21.5,1,2022
415,17,D'Andre Swift,542,99,5,3,2,50,21,21.2,0,2022
416,18,J.K. Dobbins,520,92,2,4,1,44,26,28.3,0,2022
417,19,James Cook,507,89,2,6,0,33,24,27.0,1,2022
418,20,Kenyan Drake,482,109,4,5,1,40,21,19.3,1,2022
419,21,Rachaad White,481,129,1,2,0,35,27,20.9,1,2022
420,22,Kareem Hunt,468,123,3,2,0,24,30,24.4,1,2022
421,23,Chuba Hubbard,466,95,2,3,0,35,23,24.2,0,2022
422,24,Breece Hall,463,80,4,3,1,62,20,25.0,0,2022
423,0,Damien Harris,462,106,3,2,0,30,23,21.7,0,2022
424,1,Zack Moss,456,93,1,2,1,43,18,19.4,1,2022
425,2,Marcus Mariota,438,85,4,4,0,30,30,35.3,4,2022
426,3,Gus Edwards,433,87,3,3,0,37,30,34.5,1,2022
427,4,James Robinson,425,110,3,4,1,50,22,20.0,1,2022
428,5,Kyler Murray,418,67,3,3,1,42,23,34.3,5,2022
429,6,Michael Carter,402,114,3,3,0,25,14,12.3,1,2022
430,7,Samaje Perine,394,95,2,1,0,29,19,20.0,0,2022
431,8,Jaylen Warren,379,77,1,3,0,31,20,26.0,1,2022
432,9,Caleb Huntley,366,76,1,2,0,30,18,23.7,1,2022
433,10,Geno Smith,366,68,1,2,0,25,24,35.3,3,2022
434,11,Patrick Mahomes,358,61,4,1,0,20,25,41.0,4,2022
435,12,Rashaad Penny,346,57,2,5,1,41,15,26.3,1,2022
436,13,Melvin Gordon,318,90,2,0,0,17,15,16.7,4,2022
437,14,Eno Benjamin,313,77,2,1,1,45,14,18.2,0,2022
438,15,Clyde Edwards-Helaire,302,71,3,2,1,52,15,21.1,0,2022
439,16,Bam Knight,300,85,1,1,1,48,14,16.5,1,2022
440,17,Trevor Lawrence,291,62,5,1,0,24,27,43.6,5,2022
441,18,Jerick McKinnon,291,72,1,2,0,30,12,16.7,0,2022
442,19,Joshua Kelley,287,69,2,1,0,22,16,23.2,0,2022
443,20,Darrell Henderson,283,70,3,1,0,23,14,20.0,0,2022
444,21,Alexander Mattison,283,74,5,0,0,15,21,28.4,0,2022
445,22,Elijah Mitchell,279,45,2,1,0,37,15,33.3,0,2022
446,23,Russell Wilson,277,55,3,0,0,19,21,38.2,2,2022
447,24,Justice Hill,262,49,0,1,0,34,15,30.6,1,2022
448,0,Jordan Mason,258,43,1,1,1,55,10,23.3,0,2022
449,1,Joe Burrow,257,75,5,2,0,23,27,36.0,0,2022
450,2,Chase Edmonds,245,68,2,3,0,28,8,11.8,0,2022
451,3,Jacoby Brissett,243,49,2,3,0,22,28,57.1,1,2022
452,4,Kenneth Gainwell,240,53,4,0,0,13,17,32.1,0,2022
453,5,Kenny Pickett,237,55,3,1,0,23,23,41.8,3,2022
454,6,Deon Jackson,236,68,1,0,0,17,13,19.1,1,2022
455,7,Mark Ingram,233,62,1,0,0,14,12,19.4,1,2022
456,8,Deebo Samuel,232,42,3,3,1,51,8,19.0,3,2022
457,9,Matt Breida,220,54,1,0,0,18,13,24.1,0,2022
458,10,Boston Scott,217,54,3,1,0,21,12,22.2,0,2022
459,11,Javonte Williams,204,47,0,0,0,17,9,19.2,1,2022
460,12,JaMycal Hasty,194,46,2,1,1,61,7,15.2,0,2022
461,13,Curtis Samuel,187,38,1,2,0,21,11,29.0,1,2022
462,14,DeeJay Dallas,186,35,0,1,0,27,9,25.7,0,2022
463,15,Dak Prescott,182,45,1,1,0,25,19,42.2,1,2022
464,16,Deshaun Watson,175,36,1,2,0,21,10,27.8,1,2022
465,17,Justin Jackson,170,42,1,1,0,27,8,19.0,0,2022
466,18,Malik Davis,161,38,1,2,0,23,6,15.8,0,2022
467,19,Ty Johnson,160,30,1,2,0,32,5,16.7,0,2022
468,20,Jonathan Williams,152,37,0,1,0,23,6,16.2,0,2022
469,21,Justin Herbert,147,54,0,1,0,23,17,31.5,3,2022
470,22,Dontrell Hilliard,145,22,0,2,0,30,4,18.2,0,2022
471,23,Gary Brightwell,141,31,1,1,0,25,9,29.0,0,2022
472,24,Kyren Williams,139,35,0,0,0,17,6,17.1,0,2022
473,0,Tyler Huntley,137,43,1,0,0,14,12,27.9,3,2022
474,1,Dare Ogunbowale,123,42,1,0,0,11,10,23.8,0,2022
475,2,Malik Willis,123,27,1,0,0,17,8,29.6,2,2022
476,3,Royce Freeman,117,41,0,0,0,11,7,17.1,1,2022
477,4,Avery Williams,109,22,1,1,0,21,6,27.3,0,2022
478,5,Davis Mills,108,32,2,0,0,17,7,21.9,3,2022
479,6,Sam Darnold,106,26,2,1,0,26,9,34.6,5,2022
480,7,Sony Michel,106,36,0,0,0,12,8,22.2,0,2022
481,8,Velus Jones Jr.,103,9,1,1,1,42,5,55.6,1,2022
482,9,Mike Boone,102,24,0,0,0,18,6,25.0,0,2022
483,10,Derek Carr,102,24,0,1,0,20,10,41.7,1,2022
484,11,Mac Jones,102,47,1,0,0,15,12,25.5,2,2022
485,12,Craig Reynolds,102,23,0,1,0,21,4,17.4,0,2022
486,13,Darrel Williams,102,21,1,1,0,30,8,38.1,0,2022
487,14,Zach Wilson,102,28,1,0,0,18,7,25.0,0,2022
488,15,Pierre Strong,100,10,1,1,1,44,5,50.0,0,2022
489,16,Tyrion Davis-Price,99,34,0,1,0,20,5,14.7,0,2022
490,17,Ryan Tannehill,98,34,2,0,0,17,12,35.3,1,2022
491,18,Kirk Cousins,97,31,2,0,0,19,11,35.5,2,2022
492,19,Taylor Heinicke,96,28,1,0,0,15,6,21.4,1,2022
493,20,J.D. McKissic,95,22,0,1,0,33,5,22.7,0,2022
494,21,Amon-Ra St. Brown,95,9,0,1,1,58,3,33.3,0,2022
495,22,Aaron Rodgers,94,34,1,0,0,18,9,26.5,2,2022
496,23,Hassan Haskins,93,25,0,0,0,12,5,20.0,0,2022
497,24,Braxton Berrios,91,9,2,2,0,25,5,55.6,0,2022
498,0,Bryce Perkins,90,19,0,1,0,23,6,31.6,0,2022
499,1,Benny Snell,90,20,1,0,0,16,6,30.0,0,2022
500,2,Baker Mayfield,89,31,1,0,0,17,6,19.4,5,2022
501,3,Sam Ehlinger,87,17,0,0,0,19,5,29.4,1,2022
502,4,Jamal Agnew,86,12,0,1,0,30,6,50.0,0,2022
503,5,Carson Wentz,86,22,1,0,0,18,4,18.2,2,2022
504,6,Devin Duvernay,84,12,1,0,0,18,7,58.3,0,2022
505,7,Marlon Mack,84,16,1,0,0,17,4,25.0,0,2022
506,8,Jarrett Stidham,84,14,0,0,0,11,7,50.0,1,2022
507,9,Kadarius Toney,82,7,1,1,0,32,5,71.4,0,2022
508,10,Malcolm Brown,81,18,1,1,0,23,3,16.7,0,2022
509,11,Rex Burkhead,80,26,0,0,0,9,4,15.4,0,2022
510,12,Brandon Powell,80,17,0,1,0,20,6,35.3,0,2022
511,13,Christian Watson,80,7,2,1,1,46,2,28.6,0,2022
512,14,Ray-Ray McCloud,78,4,1,1,1,71,1,25.0,0,2022
513,15,Jaret Patterson,78,17,0,0,0,14,3,17.6,0,2022
514,16,Raheem Blackshear,77,23,3,0,0,16,7,30.4,0,2022
515,17,Jeff Driskel,75,20,0,0,0,10,4,20.0,0,2022
516,18,Travis Homer,74,19,0,0,0,16,4,21.0,0,2022
517,19,Jared Goff,73,29,0,0,0,14,5,17.2,2,2022
518,20,Ronald Jones,70,17,1,0,0,13,4,23.5,0,2022
519,21,Matt Ryan,70,27,1,1,0,39,9,33.3,3,2022
520,22,Steven Sims,70,13,0,1,0,22,5,38.5,0,2022
521,23,Tua Tagovailoa,70,24,0,0,0,18,4,16.7,2,2022
522,24,Tyrod Taylor,70,5,0,1,0,32,5,100.0,1,2022
523,0,Zamir White,70,17,0,1,0,22,4,23.5,0,2022
524,1,Trey Lance,67,16,0,0,0,13,7,43.8,1,2022
525,2,Brandon Bolden,66,17,0,0,0,12,3,17.6,0,2022
526,3,Laviska Shenault Jr.,65,9,1,1,1,41,1,11.1,0,2022
527,4,Salvon Ahmed,64,12,1,0,0,11,4,33.3,0,2022
528,5,Darrynton Evans,64,14,0,1,0,21,3,21.4,0,2022
529,6,Desmond Ridder,64,16,0,0,0,18,4,25.0,2,2022
530,7,Trace McSorley,61,15,0,0,0,14,3,20.0,1,2022
531,8,Keaontay Ingram,60,27,1,0,0,13,4,14.8,0,2022
532,9,Chase Claypool,59,9,0,0,0,15,3,33.3,0,2022
533,10,Parris Campbell,58,5,0,2,0,28,2,40.0,0,2022
534,11,Jordan Wilkins,58,13,0,0,0,9,2,15.4,0,2022
535,12,Anthony Schwartz,57,4,1,1,0,31,2,50.0,0,2022
536,13,Rashid Shaheed,57,4,1,1,1,44,2,50.0,0,2022
537,14,Corey Clement,55,15,1,0,0,12,6,40.0,0,2022
538,15,Isaiah McKenzie,55,9,1,0,0,18,3,33.3,0,2022
539,16,C.J. Moore,55,2,0,1,1,42,2,100.0,0,2022
540,17,Andy Dalton,54,30,0,0,0,14,6,20.0,1,2022
541,18,Trestan Ebner,54,24,0,0,0,11,2,8.3,0,2022
542,19,Equanimeous St. Brown,54,6,0,1,1,41,2,33.3,0,2022
543,20,Chris Streveler,54,9,0,0,0,14,1,11.1,1,2022
544,21,D.J. Moore,53,10,0,0,0,11,3,30.0,0,2022
545,22,Ke'Shawn Vaughn,53,17,0,0,0,12,3,17.6,0,2022
546,23,Kevin Harris,52,18,1,0,0,14,3,16.7,0,2022
547,24,Cooper Kupp,52,9,1,1,0,20,4,44.4,0,2022
548,0,Phillip Lindsay,49,15,0,0,0,15,1,6.7,0,2022
549,1,Treylon Burks,47,4,0,1,0,20,3,75.0,0,2022
550,2,CeeDee Lamb,47,10,0,0,0,14,3,30.0,0,2022
551,3,Julio Jones,45,5,0,0,0,15,4,80.0,0,2022
552,4,Joshua Dobbs,44,8,0,0,0,11,4,50.0,0,2022
553,5,Greg Dortch,44,7,0,1,0,20,3,42.9,0,2022
554,6,Spencer Brown,43,9,0,0,0,7,1,11.1,0,2022
555,7,Snoop Conner,42,12,1,0,0,8,2,16.7,0,2022
556,8,Isaiah Spiller,41,18,0,0,0,11,2,11.1,0,2022
557,9,Davis Webb,41,6,1,0,0,14,2,33.3,0,2022
558,10,Mack Hollins,40,4,0,0,0,17,2,50.0,0,2022
559,11,Jerry Jeudy,40,4,0,0,0,14,4,100.0,0,2022
560,12,Jameson Williams,40,1,0,1,1,40,1,100.0,0,2022
561,13,Kendrick Bourne,39,6,0,1,0,29,2,33.3,0,2022
562,14,Gunner Olszewski,39,8,0,0,0,18,3,37.5,0,2022
563,15,PJ Walker,39,6,0,1,0,20,3,50.0,0,2022
564,16,Mitchell Trubisky,38,19,2,0,0,9,7,36.8,0,2022
565,17,Dwayne Washington,38,11,0,0,0,8,2,18.2,0,2022
566,18,Dante Pettis,37,2,0,1,0,29,2,100.0,0,2022
567,19,Colt McCoy,36,14,0,0,0,9,5,35.7,2,2022
568,20,Kalif Raymond,36,7,0,0,0,12,4,57.1,0,2022
569,21,Sam Howell,35,5,1,0,0,10,4,80.0,0,2022
570,22,Tutu Atwell,34,9,1,0,0,11,2,22.2,0,2022
571,23,Jimmy Garoppolo,33,23,2,0,0,6,11,47.8,1,2022
572,24,Nyheim Hines,33,24,1,0,0,9,2,8.3,0,2022
573,0,Tyreek Hill,32,7,1,0,0,10,3,42.9,0,2022
574,1,John Wolford,32,8,0,0,0,14,2,25.0,1,2022
575,2,Mecole Hardman,31,4,2,1,0,25,3,75.0,0,2022
576,3,Patrick Taylor,31,10,0,0,0,6,2,20.0,0,2022
577,4,Anthony McFarland,30,6,0,0,0,14,3,50.0,0,2022
578,5,Michael Pittman,30,3,0,0,0,19,2,66.7,0,2022
579,6,Montrell Washington,30,5,0,0,0,19,0,0.0,0,2022
580,7,Trayveon Williams,30,6,0,0,0,16,1,16.7,0,2022
581,8,Terry McLaurin,29,7,0,0,0,12,2,28.6,1,2022
582,9,Giovani Bernard,28,8,0,0,0,8,0,0.0,1,2022
583,10,Teddy Bridgewater,27,3,0,0,0,11,2,66.7,0,2022
584,11,Connor Heyward,27,2,0,1,0,21,2,100.0,0,2022
585,12,Tevin Coleman,26,12,1,0,0,14,2,16.7,0,2022
586,13,Myles Gaskin,26,10,0,0,0,10,2,20.0,0,2022
587,14,Kyle Juszczyk,26,7,1,0,0,9,5,71.4,0,2022
588,15,Armani Rogers,26,2,0,1,0,24,1,50.0,0,2022
589,16,Deven Thompkins,26,2,0,0,0,17,1,50.0,0,2022
590,17,DJ Turner,26,4,0,0,0,18,1,25.0,0,2022
591,18,Jaylen Waddle,26,3,0,0,0,9,0,0.0,0,2022
592,19,Diontae Johnson,25,7,0,0,0,8,1,14.3,0,2022
593,20,Jalen Reagor,25,4,0,0,0,17,1,25.0,0,2022
594,21,Jonathan Ward,25,5,0,0,0,12,2,40.0,0,2022
595,22,Justin Jefferson,24,4,1,0,0,10,2,50.0,0,2022
596,23,David Johnson,24,12,0,0,0,5,0,0.0,1,2022
597,24,Tony Jones,24,10,0,0,0,7,3,30.0,0,2022
598,0,Skyy Moore,24,3,0,0,0,12,1,33.3,0,2022
599,1,George Pickens,24,3,1,1,0,22,2,66.7,0,2022
600,2,Brandon Aiyuk,23,2,0,0,0,16,1,50.0,0,2022
601,3,KJ Hamler,23,2,0,0,0,14,1,50.0,0,2022
602,4,Ronnie Rivers,21,9,0,0,0,5,1,11.1,0,2022
603,5,Skylar Thompson,21,14,0,0,0,9,1,7.1,1,2022
604,6,Derek Watt,21,9,1,0,0,4,8,88.9,0,2022
605,7,Ameer Abdullah,20,4,0,0,0,7,2,50.0,0,2022
606,8,Ty Chandler,20,6,0,0,0,10,1,16.7,0,2022
607,9,Larry Rountree III,19,13,0,0,0,5,0,0.0,0,2022
608,10,Trey Sermon,19,2,0,0,0,14,2,100.0,0,2022
609,11,Mike Davis,18,8,0,0,0,10,1,12.5,1,2022
610,12,Zay Jones,18,4,0,0,0,14,1,25.0,0,2022
611,13,D'Ernest Johnson,17,4,0,0,0,7,1,25.0,0,2022
612,14,Ben Skowronek,17,1,1,0,0,17,1,100.0,0,2022
613,15,KaVontae Turpin,17,3,0,0,0,11,1,33.3,0,2022
614,16,Patrick Ricard,16,7,0,0,0,5,5,71.4,0,2022
615,17,Tyquan Thornton,16,3,1,0,0,19,1,33.3,0,2022
616,18,Jameis Winston,16,5,0,0,0,6,0,0.0,2,2022
617,19,Dyami Brown,15,1,0,0,0,15,1,100.0,0,2022
618,20,Pharoh Cooper,15,4,0,0,0,6,0,0.0,0,2022
619,21,Trent Taylor,15,4,0,0,0,9,0,0.0,0,2022
620,22,Kene Nwangwu,14,9,0,0,0,8,1,11.1,0,2022
621,23,Kyle Allen,13,6,0,0,0,5,2,33.3,2,2022
622,24,Evan Engram,13,2,0,0,0,13,1,50.0,0,2022
623,0,Kendall Hinton,13,2,0,0,0,13,1,50.0,0,2022
624,1,Brock Purdy,13,22,1,0,0,13,5,22.7,0,2022
625,2,Julius Chestnut,12,9,0,0,0,5,1,11.1,0,2022
626,3,Jerome Ford,12,8,0,0,0,9,1,12.5,0,2022
627,4,Romeo Doubs,11,1,0,0,0,11,1,100.0,0,2022
628,5,Trenton Irwin,11,1,0,0,0,11,1,100.0,0,2022
629,6,Christian Kirk,11,5,0,0,0,5,0,0.0,0,2022
630,7,D'Wayne Eskridge,10,2,0,0,0,6,0,0.0,0,2022
631,8,Danny Gray,9,1,0,0,0,9,0,0.0,0,2022
632,9,Cole Kmet,9,2,0,0,0,8,1,50.0,0,2022
633,10,Adam Prentice,9,4,0,0,0,3,3,75.0,0,2022
634,11,Matthew Stafford,9,13,1,0,0,4,3,23.1,1,2022
635,12,J.J. Taylor,9,10,0,0,0,5,0,0.0,0,2022
636,13,Mike White,9,6,1,0,0,4,3,50.0,0,2022
637,14,Keenan Allen,8,1,0,0,0,8,1,100.0,0,2022
638,15,Mark Andrews,8,3,0,0,0,4,3,100.0,0,2022
639,16,Reggie Bonnafon,8,3,0,0,0,5,0,0.0,0,2022
640,17,Harrison Bryant,8,1,0,0,0,8,1,100.0,0,2022
641,18,Ja'Marr Chase,8,5,0,0,0,6,0,0.0,0,2022
642,19,Ashton Dulin,8,2,0,0,0,5,1,50.0,0,2022
643,20,Nick Foles,8,2,0,0,0,8,0,0.0,0,2022
644,21,Zander Horvath,8,4,0,0,0,3,2,50.0,0,2022
645,22,Alec Ingold,8,6,1,0,0,2,5,83.3,0,2022
646,23,Scott Miller,8,1,0,0,0,8,0,0.0,0,2022
647,24,Nick Mullens,8,4,0,0,0,4,1,25.0,0,2022
648,0,Trevor Siemian,8,4,0,0,0,6,1,25.0,0,2022
649,1,Ced Wilson,8,1,0,0,0,8,0,0.0,0,2022
650,2,Michael Burton,7,5,0,0,0,6,2,40.0,0,2022
651,3,Brandin Cooks,7,2,0,0,0,5,0,0.0,0,2022
652,4,C.J. Ham,7,4,2,0,0,3,3,75.0,0,2022
653,5,Kylin Hill,7,1,0,0,0,7,1,100.0,0,2022
654,6,Nathan Peterman,7,2,0,0,0,6,0,0.0,0,2022
655,7,Amari Rodgers,7,2,0,0,0,4,0,0.0,0,2022
656,8,Brett Rypien,7,6,0,0,0,6,2,33.3,2,2022
657,9,Olamide Zaccheaus,7,2,0,0,0,13,1,50.0,0,2022
658,10,Joe Flacco,6,3,0,0,0,7,1,33.3,0,2022
659,11,Richie James,6,2,0,0,0,4,0,0.0,0,2022
660,12,K.J. Osborn,6,3,0,0,0,5,2,66.7,0,2022
661,13,Cooper Rush,6,9,0,0,0,6,1,11.1,0,2022
662,14,David Blough,5,4,0,0,0,4,0,0.0,0,2022
663,15,Chris Godwin,5,3,0,0,0,2,0,0.0,0,2022
664,16,Marquise Goodwin,5,2,0,0,0,7,0,0.0,0,2022
665,17,Travis Kelce,5,2,0,0,0,4,1,50.0,0,2022
666,18,Elijah Moore,5,5,0,0,0,10,2,40.0,0,2022
667,19,Jonnu Smith,5,1,0,0,0,5,1,100.0,1,2022
668,20,Courtland Sutton,5,1,0,0,0,5,0,0.0,0,2022
669,21,Marcus Allen,4,1,0,0,0,4,1,100.0,0,2022
670,22,Jason Cabinda,4,1,0,0,0,4,1,100.0,0,2022
671,23,Chase Daniel,4,1,0,0,0,4,0,0.0,0,2022
672,24,Godwin Igwebuike,4,3,0,0,0,4,0,0.0,0,2022
673,0,Duke Johnson,4,2,0,0,0,4,1,50.0,0,2022
674,1,Racey McMath,4,1,0,0,0,4,0,0.0,0,2022
675,2,Devine Ozigbo,4,3,0,0,0,4,0,0.0,0,2022
676,3,Josh Palmer,4,1,0,0,0,4,1,100.0,0,2022
677,4,Adam Thielen,4,1,0,0,0,4,0,0.0,0,2022
678,5,Garrett Wilson,4,4,0,0,0,7,0,0.0,1,2022
679,6,Nick Bellore,3,1,0,0,0,3,0,0.0,0,2022
680,7,Tyler Conklin,3,2,0,0,0,2,2,100.0,0,2022
681,8,Josh Johnson,3,2,0,0,0,4,0,0.0,0,2022
682,9,Gardner Minshew,3,7,1,0,0,3,1,14.3,1,2022
683,10,Chris Moore,3,3,0,0,0,3,0,0.0,0,2022
684,11,M.J. Stewart,3,1,0,0,0,3,1,100.0,0,2022
685,12,Daniel Bellinger,2,1,1,0,0,2,1,100.0,0,2022
686,13,Sean Chandler,2,1,0,0,0,2,1,100.0,0,2022
687,14,Jaelon Darden,2,1,0,0,0,2,0,0.0,0,2022
688,15,Ashtyn Davis,2,1,0,0,0,2,1,100.0,0,2022
689,16,Peyton Hendershot,2,1,1,0,0,2,1,100.0,0,2022
690,17,Darnell Mooney,2,1,0,0,0,2,0,0.0,0,2022
691,18,Foster Moreau,2,0,0,0,0,2,0,0.0,1,2022
692,19,Chigoziem Okonkwo,2,3,0,0,0,6,0,0.0,0,2022
693,20,Donovan Peoples-Jones,2,1,0,0,0,2,0,0.0,0,2022
694,21,Keith Smith,2,1,0,0,0,2,1,100.0,0,2022
695,22,Damien Williams,2,2,0,0,0,2,0,0.0,0,2022
696,23,Marquise Brown,1,1,0,0,0,1,0,0.0,0,2022
697,24,Noah Gray,1,1,1,0,0,1,1,100.0,0,2022
698,0,Jordan Howard,1,1,0,0,0,1,0,0.0,0,2022
699,1,Andy Isabella,1,1,0,0,0,1,0,0.0,0,2022
700,2,Durham Smythe,1,2,1,0,0,1,1,50.0,0,2022
701,3,Quez Watkins,1,3,0,0,0,4,0,0.0,0,2022
702,4,Bryan Anger,0,1,0,0,0,0,0,0.0,1,2022
703,5,Tyler Badie,0,1,0,0,0,0,0,0.0,0,2022
704,6,Andrew Beck,0,2,0,0,0,1,0,0.0,0,2022
705,7,Gerald Everett,0,1,0,0,0,0,0,0.0,0,2022
706,8,Clayton Fejedelem,0,1,0,0,0,0,0,0.0,0,2022
707,9,Feleipe Franks,0,1,0,0,0,0,0,0.0,0,2022
708,10,Kylen Granson,0,1,0,0,0,0,0,0.0,0,2022
709,11,Case Keenum,0,5,0,0,0,4,0,0.0,0,2022
710,12,Allen Lazard,0,2,0,0,0,1,0,0.0,0,2022
711,13,Dallin Leavitt,0,1,0,0,0,0,0,0.0,0,2022
712,14,Zach Pascal,0,1,0,0,0,0,0,0.0,0,2022
713,15,Tommy Townsend,0,0,0,0,0,0,0,0.0,0,2022
714,16,Bailey Zappe,0,10,0,0,0,5,0,0.0,2,2022
715,17,,0,0,0,0,0,0,1,0.0,0,2022
716,18,,0,0,0,0,0,0,2,0.0,0,2022
717,19,,0,0,0,0,0,0,1,0.0,0,2022
718,20,,0,0,0,0,0,0,0,0.0,0,2022
719,21,,0,0,0,0,0,0,1,0.0,0,2022
720,22,,0,0,0,0,0,0,0,0.0,0,2022
721,23,Davante Adams,-1,3,0,0,0,4,0,0.0,0,2022
722,24,Brandon Allen,-1,3,0,0,0,2,1,33.3,0,2022
723,0,Tom Brady,-1,29,1,0,0,2,5,17.2,2,2022
724,1,Jordan Love,-1,1,0,0,0,-1,0,0.0,0,2022
725,2,Wan'Dale Robinson,-1,2,0,0,0,4,0,0.0,0,2022
726,3,Ihmir Smith-Marsette,-1,1,0,0,0,-1,0,0.0,0,2022
727,4,Tim Boyle,-2,2,0,0,0,-1,0,0.0,0,2022
728,5,Ty Montgomery,-2,2,0,0,0,0,0,0.0,0,2022
729,6,Stefon Diggs,-3,1,0,0,0,-3,0,0.0,0,2022
730,7,Matthias Farley,-3,1,0,0,0,-3,0,0.0,0,2022
731,8,Jamie Gillan,-3,2,0,0,0,0,0,0.0,1,2022
732,9,Marquez Valdes-Scantling,-3,1,0,0,0,-3,0,0.0,0,2022
733,10,C.J. Beathard,-4,4,0,0,0,-1,0,0.0,0,2022
734,11,Demetric Felton,-4,1,0,0,0,-4,0,0.0,0,2022
735,12,Nate Sudfeld,-4,5,0,0,0,0,0,0.0,0,2022
736,13,Anthony Brown,-5,3,0,0,0,-1,0,0.0,0,2022
737,14,Chad Henne,-5,5,0,0,0,0,0,0.0,1,2022
738,15,Rondale Moore,-5,6,0,0,0,9,1,16.7,0,2022
739,16,Mike Woods,-5,1,0,0,0,-5,0,0.0,0,2022
740,17,Jahan Dotson,-7,2,0,0,0,3,0,0.0,0,2022
741,18,Breshad Perriman,-7,2,0,0,0,0,0,0.0,1,2022
742,19,David Njoku,-8,2,0,0,0,-2,0,0.0,0,2022
743,20,Jakobi Meyers,-11,2,0,0,0,7,2,100.0,1,2022
744,21,DeAndre Carter,-15,2,0,0,0,-5,0,0.0,0,2022
745,22,Michael Dickson,-18,2,0,0,0,-8,0,0.0,1,2022
