,Player,FF,FR,FR TD
0,Shaquille Leonard,8,2,0
1,Joey Bosa,7,0,0
2,Josh Norman,7,0,0
3,Chandler Jones,6,1,0
4,Robert Quinn,5,0,0
5,T.J. Watt,5,3,0
6,Nick Bosa,4,0,0
7,Aaron Donald,4,0,0
8,Trevis Gipson,4,1,0
9,Markus Golden,4,2,0
10,Mike Hughes,4,1,1
11,Isaiah Simmons,4,0,0
12,Shaquil Barrett,3,2,0
13,Vonn Bell,3,1,0
14,Ja'Whaun Bentley,3,0,0
15,Marcus Davenport,3,1,0
16,Ashtyn Davis,3,0,0
17,Dante Fowler Jr.,3,0,0
18,Randy Gregory,3,1,0
19,Trey Hendrickson,3,0,0
20,Derwin James,3,0,0
21,Terrance Mitchell,3,0,0
22,Odafe Oweh,3,2,0
23,Micah Parsons,3,0,0
24,James Pierre,3,0,0
0,Eric Rowe,3,0,0
1,Montez Sweat,3,0,0
2,Quincy Williams,3,0,0
3,Tyrell Adams,2,0,0
4,Mario Addison,2,0,0
5,Tyus Bowser,2,0,0
6,Bashaud Breeland,2,0,0
7,Brian Burns,2,0,0
8,Kevin Byard,2,1,1
9,De'Vondre Campbell,2,1,0
10,Tevaughn Campbell,2,1,1
11,Lorenzo Carter,2,1,0
12,Andre Cisco,2,0,0
13,Frank Clark,2,0,0
14,Jadeveon Clowney,2,0,0
15,Fletcher Cox,2,1,1
16,Michael Danna,2,0,0
17,Lavonte David,2,1,0
18,Rashan Gary,2,1,0
19,Jonathan Greenard,2,0,0
20,Kamu Grugier-Hill,2,0,0
21,Charles Harris,2,0,0
22,Cole Holcomb,2,1,0
23,Xavien Howard,2,2,1
24,Jerry Hughes,2,0,0
0,Quinton Jefferson,2,0,0
1,D.J. Jones,2,0,0
2,Cameron Jordan,2,0,0
3,Damontae Kazee,2,0,0
4,Demarcus Lawrence,2,0,0
5,Avonte Maddox,2,0,0
6,Jake Martin,2,0,0
7,C.J. Mosley,2,0,0
8,Yannick Ngakoue,2,0,0
9,Uchenna Nwosu,2,1,0
10,Obo Okoronkwo,2,0,0
11,Jeremiah Owusu-Koramoah,2,0,0
12,Jason Pinnock,2,0,0
13,Germaine Pratt,2,2,0
14,Haason Reddick,2,1,0
15,Jarran Reed,2,1,0
16,Malik Reed,2,1,0
17,Jalen Reeves-Maybin,2,1,0
18,Elandon Roberts,2,0,0
19,A'Shawn Robinson,2,0,0
20,Logan Ryan,2,1,0
21,Preston Smith,2,1,0
22,Davion Taylor,2,0,0
23,Solomon Thomas,2,0,0
24,Kyle Van Noy,2,1,0
0,Armon Watts,2,0,0
1,Tershawn Wharton,2,0,0
2,Kyzir White,2,0,0
3,Leonard Williams,2,1,0
4,Marco Wilson,2,0,0
5,Antoine Winfield Jr.,2,3,0
6,Xavier Woods,2,0,0
7,Chase Young,2,0,0
8,Kenny Young,2,1,0
9,Nasir Adderley,1,1,0
10,Kwon Alexander,1,1,0
11,Dakota Allen,1,0,0
12,Josh Allen,1,1,0
13,Azeez Al-Shaair,1,2,0
14,Ugo Amadi,1,0,0
15,J.J. Arcega-Whiteside,1,0,0
16,Jerome Baker,1,0,0
17,Tarell Basham,1,1,0
18,Nick Bellore,1,0,0
19,Justin Bethel,1,0,0
20,Henry Black,1,0,0
21,Ross Blacklock,1,0,0
22,Julian Blackmon,1,0,0
23,A.J. Bouye,1,0,0
24,Anthony Brown,1,0,0
0,Myles Bryant,1,0,0
1,Sean Murphy-Bunting,1,0,0
2,Devin Bush,1,1,0
3,Sean Chandler,1,0,0
4,Jeremy Chinn,1,1,0
5,Kenny Clark,1,1,0
6,Ross Cockrell,1,0,0
7,Dylan Cole,1,0,0
8,A.J. Cole,1,0,0
9,Landon Collins,1,2,0
10,Christian Covington,1,0,0
11,Keion Crossen,1,0,0
12,Tae Crowder,1,0,0
13,Dane Cruikshank,1,0,0
14,Zach Cunningham,1,0,0
15,Dominique Dafney,1,0,0
16,DeeJay Dallas,1,0,0
17,Cameron Dantzler,1,0,0
18,Frank Darby,1,0,0
19,Jalen Davis,1,0,0
20,Akeem Davis-Gaither,1,0,0
21,Grant Delpit,1,0,0
22,Pierre Desir,1,0,0
23,Rasul Douglas,1,0,0
24,Carlos Dunlap,1,0,0
0,Bud Dupree,1,0,0
1,Samson Ebukam,1,0,0
2,Mike Edwards,1,0,0
3,Rashaan Evans,1,1,0
4,Kyler Fackrell,1,1,0
5,George Fant,1,0,0
6,Matthias Farley,1,1,0
7,Demetric Felton,1,0,0
8,Rashad Fenton,1,0,0
9,Minkah Fitzpatrick,1,0,0
10,Trey Flowers,1,1,0
11,Leonard Floyd,1,1,0
12,Dee Ford,1,0,0
13,Leki Fotu,1,0,0
14,Morgan Fox,1,1,0
15,John Franklin-Myers,1,0,0
16,Myles Garrett,1,1,1
17,Mark Gilbert,1,0,0
18,Kevin Givens,1,0,0
19,Davon Godchaux,1,0,0
20,Richie Grant,1,1,0
21,Everson Griffen,1,0,0
22,Shaquill Griffin,1,0,0
23,Yetur Gross-Matos,1,0,0
24,Joe Haden,1,1,0
0,Will Harris,1,0,0
1,Javon Hargrave,1,0,0
2,Shelby Harris,1,0,0
3,Rob Havenstein,1,0,0
4,Cameron Heyward,1,1,0
5,Jordan Hicks,1,2,0
6,Alex Highsmith,1,0,0
7,Mike Hilton,1,0,0
8,Nate Hobbs,1,0,0
9,Justin Hollins,1,0,0
10,Travis Homer,1,1,0
11,Amani Hooker,1,0,0
12,Justin Houston,1,1,0
13,Sam Hubbard,1,2,0
14,Marlon Humphrey,1,0,0
15,Micah Hyde,1,2,0
16,Melvin Ingram,1,0,0
17,Joel Iyiegbuniwe,1,0,0
18,Donte Jackson,1,0,0
19,Eddie Jackson,1,0,0
20,J.C. Jackson,1,0,0
21,Tarron Jackson,1,0,0
22,Jerry Jacobs,1,0,0
23,Jesse James,1,0,0
24,Janoris Jenkins,1,0,0
0,Malcolm Jenkins,1,0,0
1,Josey Jewell,1,0,0
2,Danny Johnson,1,0,0
3,Dontae Johnson,1,2,0
4,Jaylon Johnson,1,0,0
5,John Johnson,1,0,0
6,Taron Johnson,1,0,0
7,Tyron Johnson,1,0,0
8,Clay Johnston,1,0,0
9,Brandon Jones,1,2,0
10,Byron Jones,1,0,0
11,Chris Jones,1,0,0
12,DaQuan Jones,1,0,0
13,Deion Jones,1,0,0
14,Dre'Mont Jones,1,1,0
15,Khalid Kareem,1,1,0
16,Kingsley Keke,1,0,0
17,Desmond King,1,0,0
18,Dawson Knox,1,0,0
19,Tanoh Kpassagnon,1,0,0
20,Nick Kwiatkoski,1,0,0
21,Harold Landry,1,0,0
22,Dexter Lawrence,1,0,0
23,Cam Lewis,1,0,0
24,Jourdan Lewis,1,2,0
0,Terrell Lewis,1,0,0
1,Frankie Luvu,1,3,0
2,Blake Lynch,1,1,0
3,Jake Matthews,1,0,0
4,Arthur Maulet,1,0,0
5,Takk McKinley,1,0,0
6,Steve McLendon,1,0,0
7,Von Miller,1,0,0
8,Elijah Molden,1,1,0
9,Bryan Mone,1,0,0
10,A.J. Moore,1,0,0
11,Kenny Moore II,1,0,0
12,Foster Moreau,1,1,0
13,Al-Quadin Muhammad,1,0,0
14,Byron Murphy,1,1,0
15,Carl Nassib,1,0,0
16,Siran Neal,1,1,0
17,Rakeem Nunez-Roches,1,0,0
18,Dayo Odeyingbo,1,0,0
19,George Odum,1,1,0
20,Emmanuel Ogbah,1,1,0
21,Alec Ogletree,1,0,0
22,Azeez Ojulari,1,0,0
23,Alex Okafor,1,0,0
24,Julian Okwara,1,1,0
0,Ed Oliver,1,0,0
1,Isaiah Oliver,1,1,0
2,Qadree Ollison,1,0,0
3,Foye Oluokun,1,0,0
4,AJ Parker,1,0,0
5,Kwity Paye,1,2,0
6,Kyle Peko,1,0,0
7,Denzel Perryman,1,2,0
8,Adrian Phillips,1,0,0
9,Michael Pierce,1,0,0
10,Jason Pierre-Paul,1,0,0
11,Patrick Queen,1,1,0
12,David Quessenberry,1,0,0
13,Jalen Ramsey,1,1,0
14,Wyatt Ray,1,0,0
15,Justin Reid,1,0,0
16,Sheldon Richardson,1,1,0
17,Hassan Ridgeway,1,0,0
18,Christian Ringo,1,1,0
19,Alton Robinson,1,0,0
20,Quincy Roche,1,0,0
21,Greg Rousseau,1,0,0
22,Anthony Rush,1,0,0
23,Joe Schobert,1,0,0
24,Andrew Sendejo,1,1,0
0,Zach Sieler,1,2,0
1,Alex Singleton,1,0,0
2,DeVonta Smith,1,0,0
3,Elerson G. Smith,1,0,0
4,Harrison Smith,1,0,0
5,Dawuane Smoot,1,0,0
6,L'Jarius Sneed,1,1,0
7,E.J. Speed,1,0,0
8,Julian Stanford,1,0,0
9,Grover Stewart,1,0,0
10,M.J. Stewart,1,0,0
11,Kentavius Street,1,0,0
12,Grant Stuard,1,0,0
13,Cameron Sutton,1,0,0
14,Josh Sweat,1,0,0
15,Sione Takitaki,1,1,0
16,Darrell Taylor,1,0,0
17,Keith Taylor,1,0,0
18,A.J. Terrell,1,0,0
19,Mike Thomas,1,0,0
20,Tavierre Thomas,1,0,0
21,Juan Thornhill,1,1,0
22,Derrek Tuszka,1,0,0
23,Shy Tuttle,1,1,0
24,Andrew Van Ginkel,1,0,0
0,James Vaughters,1,0,0
1,Bobby Wagner,1,0,0
2,DeMarcus Walker,1,0,0
3,Jonathan Ward,1,0,0
4,Fred Warner,1,3,0
5,J.J. Watt,1,0,0
6,Kevin White,1,0,0
7,Tre'Davious White,1,1,0
8,Jordan Whitehead,1,0,0
9,Greedy Williams,1,0,0
10,Christian Wilkins,1,1,0
11,Avery Williams,1,0,0
12,P.J. Williams,1,0,0
13,K'Waun Williams,1,0,0
14,Marcus Williams,1,0,0
15,Jordan Willis,1,0,0
16,Damien Wilson,1,0,0
17,Logan Wilson,1,0,0
18,Deatrich Wise,1,0,0
19,D.J. Wonnum,1,0,0
20,Chris Wormley,1,0,0
21,Rock Ya-Sin,1,1,0
22,Jabari Zuniga,1,0,0
23,Johnathan Abram,0,1,0
24,Andrew Adams,0,0,0
0,Davante Adams,0,0,0
1,Jamal Adams,0,0,0
2,Matthew Adams,0,0,0
3,Montravius Adams,0,0,0
4,Myles Adams,0,0,0
5,Jahleel Addae,0,0,0
6,Paulson Adebo,0,0,0
7,Ola Adeniyi,0,0,0
8,Nelson Agholor,0,0,0
9,McTelvin Agim,0,0,0
10,Salvon Ahmed,0,0,0
11,Landen Akers,0,0,0
12,Freedom Akinmoladun,0,0,0
13,Jordan Akins,0,0,0
14,Jaire Alexander,0,0,0
15,Mackensie Alexander,0,0,0
16,Robert Alford,0,0,0
17,Mo Alie-Cox,0,0,0
18,Jonathan Allen,0,0,0
19,Josh Allen,0,0,0
20,Keenan Allen,0,0,0
21,Marcus Allen,0,0,0
22,Ricardo Allen,0,0,0
23,Zach Allen,0,3,1
24,Tyson Alualu,0,0,0
0,Danny Amendola,0,0,0
1,Adrian Amos,0,0,0
2,Bradlee Anae,0,0,0
3,Abdullah Anderson,0,0,0
4,Henry Anderson,0,0,0
5,Robbie Anderson,0,0,0
6,Stephen Anderson,0,0,0
7,Zayne Anderson,0,0,0
8,Mark Andrews,0,0,0
9,Eli Ankou,0,0,0
10,Alex Anzalone,0,0,0
11,Troy Apke,0,0,0
12,Eli Apple,0,0,0
13,Daniel Archibong,0,0,0
14,Alex Armah,0,0,0
15,Arik Armstead,0,0,0
16,Terron Armstead,0,0,0
17,Dorance Armstrong,0,1,1
18,Damon Arnette,0,0,0
19,Grayland Arnold,0,0,0
20,Jeremiah Attaochu,0,0,0
21,Antony Auclair,0,0,0
22,Blessuan Austin,0,0,0
23,Tavon Austin,0,0,0
24,Denico Autry,0,0,0
0,Anthony Averett,0,0,0
1,Genard Avery,0,0,0
2,Chidobe Awuzie,0,0,0
3,Joe Bachie,0,0,0
4,Alex Bachman,0,0,0
5,Markus Bailey,0,0,0
6,Budda Baker,0,1,0
7,Deandre Baker,0,0,0
8,Kawaan Baker,0,0,0
9,Kalen Ballage,0,0,0
10,Chris Banjo,0,0,0
11,Eric Banks,0,0,0
12,Ben Banogu,0,0,0
13,Christian Barmore,0,0,0
14,Derrick Barnes,0,0,0
15,Krys Barnes,0,2,0
16,Derek Barnett,0,0,0
17,Anthony Barr,0,2,0
18,Cody Barton,0,0,0
19,Boogie Basham,0,0,0
20,Tyler Bass,0,0,0
21,Essang Bassey,0,0,0
22,Daren Bates,0,0,0
23,Jessie Bates,0,1,0
24,John Bates,0,0,0
0,Zack Baun,0,0,0
1,Sam Beal,0,0,0
2,Andrew Beck,0,0,0
3,Odell Beckham Jr.,0,0,0
4,Eno Benjamin,0,0,0
5,Travis Benjamin,0,0,0
6,Trinity Benson,0,0,0
7,Francis Bernard,0,0,0
8,Giovani Bernard,0,0,0
9,Rashod Berry,0,0,0
10,Vince Biegel,0,0,0
11,Andrew Billings,0,0,0
12,Angelo Blackson,0,0,0
13,Marquise Blair,0,0,0
14,Ronald Blair,0,1,0
15,Christian Blake,0,0,0
16,Khari Blasingame,0,0,0
17,Amani Bledsoe,0,0,0
18,Chris Board,0,0,0
19,C.J. Board,0,0,0
20,Jacob Bobenmoyer,0,0,0
21,Ike Boettger,0,0,0
22,Quinton Bohanna,0,0,0
23,Corey Bojorquez,0,0,0
24,Brandon Bolden,0,0,0
0,Curtis Bolton,0,0,0
1,Nick Bolton,0,1,1
2,Devontae Booker,0,0,0
3,Mike Boone,0,0,0
4,Dicaprio Bootle,0,0,0
5,Breon Borders,0,0,0
6,Jon Bostic,0,0,0
7,Tashawn Bower,0,0,0
8,Kris Boyd,0,1,0
9,Tyler Boyd,0,0,0
10,Bradley Bozeman,0,0,0
11,James Bradberry,0,1,0
12,Garrett Bradbury,0,0,0
13,Ja'Marcus Bradley,0,0,0
14,Shaun Bradley,0,0,0
15,Will Bradley-King,0,0,0
16,Cameron Brate,0,0,0
17,Brady Breeze,0,0,0
18,Matt Breida,0,0,0
19,Aaron Brewer,0,0,0
20,Gary Brightwell,0,0,0
21,Justin Britt,0,0,0
22,K.J. Britt,0,0,0
23,Michael Brockers,0,0,0
24,Josiah Bronson,0,0,0
0,Jordyn Brooks,0,1,0
1,Terrence Brooks,0,0,0
2,Antoine Brooks Jr.,0,0,0
3,Andrew Brown,0,0,0
4,Cameron Brown,0,0,0
5,Daniel Brown,0,0,0
6,Derrick Brown,0,0,0
7,Dyami Brown,0,0,0
8,Marquise Brown,0,0,0
9,A.J. Brown,0,0,0
10,Jayon Brown,0,0,0
11,Malcom Brown,0,0,0
12,Noah Brown,0,0,0
13,Pharaoh Brown,0,0,0
14,Spencer Brown,0,0,0
15,Tre Brown,0,0,0
16,Bobby Brown III,0,0,0
17,Baron Browning,0,0,0
18,Daniel Brunskill,0,0,0
19,Taven Bryan,0,0,0
20,Brandin Bryant,0,0,0
21,Harrison Bryant,0,0,0
22,Austin Bryant,0,0,0
23,DeForest Buckner,0,0,0
24,Isaiah Buggs,0,0,0
0,Jonathan Bullard,0,0,0
1,Terrell Burgess,0,0,0
2,Rex Burkhead,0,0,0
3,Oren Burks,0,0,0
4,Artie Burns,0,0,0
5,Juston Burris,0,0,0
6,Joe Burrow,0,0,0
7,Michael Burton,0,0,0
8,Deon Bush,0,0,0
9,Adam Butler,0,0,0
10,Vernon Butler,0,0,0
11,Josh Bynes,0,0,0
12,Camryn Bynum,0,0,0
13,Jason Cabinda,0,0,0
14,Yodny Cajuste,0,0,0
15,Austin Calitro,0,0,0
16,Bryce Callahan,0,0,0
17,Calais Campbell,0,1,0
18,Elijah Campbell,0,0,0
19,Tyson Campbell,0,0,0
20,Maurice Canady,0,0,0
21,Trenton Cannon,0,0,0
22,Joe Cardona,0,0,0
23,T.J. Carrie,0,1,0
24,Derek Carrier,0,0,0
0,Cethan Carter,0,0,0
1,DeAndre Carter,0,0,0
2,Jermaine Carter,0,1,0
3,Michael Carter,0,0,0
4,Tory Carter,0,1,0
5,Michael Carter II,0,2,0
6,Blake Cashman,0,0,0
7,Andre Chachere,0,0,0
8,K'Lavon Chaisson,0,0,0
9,Joseph Charlton,0,0,0
10,Taco Charlton,0,0,0
11,Ja'Marr Chase,0,0,0
12,Anthony Chesley,0,1,0
13,Dan Chisena,0,0,0
14,Brady Christensen,0,0,0
15,Geron Christian,0,0,0
16,Marqui Christian,0,0,0
17,Cole Christiansen,0,0,0
18,Bradley Chubb,0,0,0
19,Nick Chubb,0,0,0
20,Chuck Clark,0,0,0
21,Chris Claybrooks,0,0,0
22,Corey Clement,0,0,0
23,Ezra Cleveland,0,0,0
24,Tyrie Cleveland,0,0,0
0,Adrian Colbert,0,0,0
1,Keelan Cole,0,0,0
2,Matt Cole,0,0,0
3,L.J. Collier,0,0,0
4,Justin Coleman,0,0,0
5,Tevin Coleman,0,0,0
6,Jamie Collins,0,1,0
7,La'el Collins,0,0,0
8,Maliek Collins,0,1,0
9,Nico Collins,0,0,0
10,Zaven Collins,0,0,0
11,Trystan Colon,0,0,0
12,John Cominsky,0,0,0
13,Tom Compton,0,0,0
14,Will Compton,0,0,0
15,Jack Conklin,0,0,0
16,Chris Conley,0,0,0
17,Ryan Connelly,0,0,0
18,James Conner,0,0,0
19,Jared Cook,0,0,0
20,Logan Cooke,0,0,0
21,Brandin Cooks,0,0,0
22,Jonathon Cooper,0,1,0
23,Pharoh Cooper,0,0,0
24,Brandon Copeland,0,0,0
0,Marquise Copeland,0,0,0
1,Austin Corbett,0,0,0
2,Doug Costin,0,0,0
3,Nathan Cottrell,0,0,0
4,Carter Coughlin,0,0,0
5,Kirk Cousins,0,0,0
6,Jabril Cox,0,0,0
7,Morgan Cox,0,0,0
8,Tyler Coyle,0,0,0
9,River Cracraft,0,1,0
10,Xavier Crawford,0,0,0
11,Ken Crawley,0,0,0
12,Mason Crosby,0,0,0
13,Maxx Crosby,0,0,0
14,Jamison Crowder,0,0,0
15,Jake Curhan,0,0,0
16,Kamren Curl,0,1,0
17,Dennis Daley,0,0,0
18,Andy Dalton,0,0,0
19,Scott Daly,0,0,0
20,Darrell Daniels,0,0,0
21,James Daniels,0,0,0
22,Mike Daniels,0,0,0
23,Ronald Darby,0,0,0
24,Julie'n Davenport,0,0,0
0,Marlon Davidson,0,1,0
1,Carl Davis,0,0,0
2,Carlos Davis,0,0,0
3,Carlton Davis,0,1,0
4,Cody Davis,0,0,0
5,Demario Davis,0,0,0
6,Gabe Davis,0,0,0
7,Nate Davis,0,0,0
8,Jamin Davis,0,0,0
9,Jarrad Davis,0,0,0
10,Javaris Davis,0,0,0
11,Michael Davis,0,2,0
12,Mike Davis,0,0,0
13,Raekwon Davis,0,0,0
14,Shawn Davis,0,0,0
15,Tyler Davis,0,0,0
16,Tyeler Davison,0,0,0
17,Dion Dawkins,0,0,0
18,Noah Dawkins,0,0,0
19,Sheldon Day,0,0,0
20,Divine Deablo,0,1,0
21,Jamel Dean,0,0,0
22,Donte' Deayon,0,0,0
23,Josiah Deguara,0,0,0
24,Dee Delaney,0,0,0
0,Darqueze Dennard,0,0,0
1,Andrew DePaola,0,0,0
2,Quandre Diggs,0,0,0
3,Stefon Diggs,0,0,0
4,Trevon Diggs,0,0,0
5,AJ Dillon,0,0,0
6,Victor Dimukeje,0,0,0
7,Will Dissly,0,0,0
8,Riley Dixon,0,0,0
9,Tyrel Dodson,0,0,0
10,Michael Dogbe,0,1,0
11,Myles Dorn,0,0,0
12,Phillip Dorsett,0,0,0
13,Greg Dortch,0,0,0
14,Andrew Dowell,0,0,0
15,Kyle Dugger,0,1,0
16,Ashton Dulin,0,2,1
17,Isaiah Dunn,0,0,0
18,Ross Dwelley,0,0,0
19,Michael Dwumfour,0,0,0
20,Troy Dye,0,0,0
21,Nick Dzubnar,0,0,0
22,Nate Ebner,0,0,0
23,Brandin Echols,0,0,0
24,Tremaine Edmunds,0,0,0
0,Chase Edmonds,0,0,0
1,Terrell Edmunds,0,0,0
2,Bryan Edwards,0,0,0
3,David Edwards,0,0,0
4,Mario Edwards,0,0,0
5,T.J. Edwards,0,1,0
6,Emeke Egbule,0,0,0
7,Sam Eguavoen,0,1,1
8,Daniel Ekuale,0,0,0
9,Corn Elder,0,0,0
10,Pat Elflein,0,0,0
11,Ben Ellefson,0,0,0
12,Emmanuel Ellerbee,0,0,0
13,DeShon Elliott,0,0,0
14,Ezekiel Elliott,0,0,0
15,Jalen Elliott,0,0,0
16,Jordan Elliott,0,0,0
17,Justin Ellis,0,0,0
18,Christian Elliss,0,0,0
19,Kaden Elliss,0,1,0
20,Evan Engram,0,0,0
21,A.J. Epenesa,0,0,0
22,Marcus Epps,0,0,0
23,Alex Erickson,0,0,0
24,Dorian Etheridge,0,0,0
0,Chris Evans,0,0,0
1,Jordan Evans,0,0,0
2,Mike Evans,0,0,0
3,Deshazor Everett,0,0,0
4,Brandon Facyson,0,0,0
5,Noah Fant,0,0,0
6,Austin Faoliu,0,0,0
7,Caleb Farley,0,0,0
8,Foley Fatukasi,0,0,0
9,Breiden Fehoko,0,0,0
10,Matt Feiler,0,0,0
11,Clayton Fejedelem,0,0,0
12,Blake Ferguson,0,1,0
13,Jaylon Ferguson,0,0,0
14,Reid Ferguson,0,0,0
15,Clelin Ferrell,0,0,0
16,Tony Fields II,0,0,0
17,Sharif Finch,0,0,0
18,Anthony Firkser,0,1,0
19,Kylie Fitts,0,0,0
20,Dez Fitzpatrick,0,0,0
21,Demetrius Flannigan-Fowles,0,0,0
22,Tre Flowers,0,0,0
23,Cody Ford,0,0,0
24,Isaiah Ford,0,0,0
0,Mike Ford,0,0,0
1,Poona Ford,0,0,0
2,Rudy Ford,0,0,0
3,Darrick Forrest,0,0,0
4,Miller Forristall,0,0,0
5,Daurice Fountain,0,0,0
6,Leonard Fournette,0,0,0
7,Sam Franklin,0,0,0
8,Zaire Franklin,0,0,0
9,Devonta Freeman,0,0,0
10,Royce Freeman,0,0,0
11,Pat Freiermuth,0,0,0
12,Maurice Ffrench,0,0,0
13,Jordan Fuller,0,0,0
14,Kendall Fuller,0,0,0
15,Kyle Fuller,0,0,0
16,Kristian Fulton,0,0,0
17,Jake Funk,0,0,0
18,Russell Gage,0,0,0
19,Greg Gaines,0,0,0
20,Innis Gaines,0,0,0
21,Tipa Galeai,0,0,0
22,Neville Gallimore,0,0,0
23,Dennis Gardeck,0,1,0
24,Chauncey Gardner-Johnson,0,0,0
0,Jonathan Garvin,0,0,0
1,Matt Gay,0,0,0
2,Willie Gay Jr.,0,0,0
3,Joe Gaziano,0,0,0
4,Zach Gentry,0,0,0
5,Jake Gervase,0,0,0
6,Mike Gesicki,0,0,0
7,William Gholston,0,0,0
8,Antonio Gibson,0,0,0
9,Luke Gifford,0,0,0
10,Ulysees Gilbert,0,0,0
11,Joe Giles-Harris,0,0,0
12,Blake Gillikin,0,0,0
13,Cam Gill,0,0,0
14,Jamie Gillan,0,0,0
15,Cullen Gillaspia,0,0,0
16,Tyree Gillespie,0,0,0
17,Reggie Gilliam,0,0,0
18,Alohi Gilman,0,0,0
19,Stephon Gilmore,0,0,0
20,Tashaun Gipson,0,1,0
21,Graham Glasgow,0,0,0
22,Jordan Glasgow,0,0,0
23,Mike Glennon,0,0,0
24,Mark Glowinski,0,0,0
0,Chris Godwin,0,0,0
1,Eddie Goldman,0,0,0
2,Kenny Golladay,0,0,0
3,Chauncey Golston,0,1,0
4,Zane Gonzalez,0,0,0
5,C.J. Goodwin,0,0,0
6,Marquise Goodwin,0,0,0
7,Derrick Gore,0,0,0
8,Adam Gotsis,0,0,0
9,Tay Gowan,0,0,0
10,Brandon Graham,0,0,0
11,Jimmy Graham,0,0,0
12,Ta'Quon Graham,0,0,0
13,Thomas Graham Jr.,0,0,0
14,Carl Granderson,0,0,0
15,Jakeem Grant,0,0,0
16,J.T. Gray,0,0,0
17,Noah Gray,0,0,0
18,A.J. Green,0,0,0
19,A.J. Green,0,1,0
20,Kendrick Green,0,0,0
21,Rasheem Green,0,0,0
22,T.J. Green,0,0,0
23,Dre Greenlaw,0,0,0
24,Shaq Thompson,0,0,0
0,Garrett Griffin,0,0,0
1,Ryan Griffin,0,0,0
2,Jonas Griffith,0,1,0
3,Javelin Guidry,0,0,0
4,Porter Gustin,0,1,0
5,Lawrence Guy,0,1,0
6,Joe Haeg,0,0,0
7,Nate Hairston,0,0,0
8,Lirim Hajrullahu,0,0,0
9,Bryce Hall,0,0,0
10,Darren Hall,0,0,0
11,Kemon Hall,0,1,0
12,C.J. Ham,0,0,0
13,Antonio Hamilton,0,0,0
14,DaVon Hamilton,0,1,0
15,Justin Hamilton,0,0,0
16,Ladarius Hamilton,0,0,0
17,Woodrow Hamilton,0,0,0
18,Damar Hamlin,0,0,0
19,Da'Shawn Hand,0,0,0
20,Harrison Hand,0,0,0
21,Johnathan Hankins,0,0,0
22,Chase Hansen,0,0,0
23,Josh Harris,0,0,0
24,Justin Hardee,0,0,0
0,Mecole Hardman,0,0,0
1,Vernon Hargreaves III,0,0,0
2,Duron Harmon,0,0,0
3,Anthony Harris,0,0,0
4,Chris Harris,0,0,0
5,Clark Harris,0,0,0
6,Darius Harris,0,0,0
7,Davontae Harris,0,0,0
8,Demetrius Harris,0,0,0
9,Demone Harris,0,0,0
10,Deonte Harty,0,0,0
11,Erik Harris,0,0,0
12,Jonathan Harris,0,0,0
13,Marcell Harris,0,0,0
14,Najee Harris,0,0,0
15,Nick Harris,0,0,0
16,De'Jon Harris,0,0,0
17,Tim Harris,0,0,0
18,Trent Harris,0,0,0
19,Malik Harrison,0,0,0
20,Ronnie Harrison,0,0,0
21,Penny Hart,0,0,0
22,Myles Hartsfield,0,0,0
23,Willie Harvey,0,0,0
24,Pressley Harvin III,0,0,0
0,JaMycal Hasty,0,0,0
1,Jaylinn Hawkins,0,0,0
2,Marquis Haynes,0,0,0
3,Casey Hayward,0,0,0
4,Jeff Heath,0,0,0
5,Bruce Hector,0,0,0
6,Jack Heflin,0,0,0
7,Taylor Heinicke,0,0,0
8,Daniel Helm,0,0,0
9,C.J. Henderson,0,0,0
10,Trayvon Henderson,0,1,1
11,Thomas Hennessy,0,0,0
12,Justin Herbert,0,0,0
13,Khalil Herbert,0,0,0
14,Tre Herndon,0,0,0
15,Frank Herron,0,0,0
16,Gavin Heslop,0,0,0
17,Neville Hewitt,0,0,0
18,Akiem Hicks,0,0,0
19,Tee Higgins,0,0,0
20,Dont'a Hightower,0,0,0
21,Trysten Hill,0,0,0
22,B.J. Hill,0,0,0
23,Brian Hill,0,0,0
24,Kylin Hill,0,0,0
0,Taysom Hill,0,0,0
1,Troy Hill,0,0,0
2,Tyreek Hill,0,0,0
3,Dontrell Hilliard,0,0,0
4,Kendall Hinton,0,0,0
5,Anthony Hitchens,0,0,0
6,T.J. Hockenson,0,0,0
7,KhaDarel Hodge,0,0,0
8,Mike Hoecht,0,0,0
9,Sterling Hofrichter,0,0,0
10,Chris Hogan,0,0,0
11,Jevon Holland,0,0,0
12,Mack Hollins,0,0,0
13,Jacob Hollister,0,0,0
14,Darnay Holmes,0,0,0
15,Jalyn Holmes,0,0,0
16,J.P. Holtz,0,0,0
17,Malik Hooker,0,0,0
18,Austin Hooper,0,0,0
19,Dustin Hopkins,0,0,0
20,Jaycee Horn,0,0,0
21,Jesper Horsted,0,0,0
22,Phil Hoskins,0,0,0
23,DeAndre Houston-Carson,0,2,1
24,Jordan Howard,0,0,0
0,Travin Howard,0,0,0
1,Buddy Howell,0,0,0
2,Braxton Hoyett,0,0,0
3,Chuba Hubbard,0,0,0
4,Khaleke Hudson,0,0,0
5,Rodney Hudson,0,0,0
6,Talanoa Hufanga,0,0,0
7,Bryce Huff,0,0,0
8,Albert Huggins,0,0,0
9,JuJu Hughes,0,0,0
10,Creed Humphrey,0,0,0
11,Lil'Jordan Humphrey,0,0,0
12,Adam Humphries,0,0,0
13,Margus Hunt,0,0,0
14,Danielle Hunter,0,0,0
15,Hayden Hurst,0,0,0
16,Maurice Hurst,0,0,0
17,Kerry Hyder,0,2,0
18,Noah Igbinoghene,0,0,0
19,Godwin Igwebuike,0,0,0
20,Alec Ingold,0,0,0
21,Mark Ingram,0,0,0
22,Matthew Ioannidis,0,0,0
23,Bruce Irvin,0,0,0
24,Andy Isabella,0,0,0
0,Keith Ismael,0,0,0
1,Mike Jackson,0,0,0
2,Joe Jackson,0,0,0
3,Myles Jack,0,0,0
4,Adoree' Jackson,0,0,0
5,Austin Jackson,0,0,0
6,Chris Jackson,0,0,0
7,Dane Jackson,0,0,0
8,DeSean Jackson,0,0,0
9,Jonah Jackson,0,0,0
10,Josh Jackson,0,0,0
11,Justin Jackson,0,0,0
12,Kareem Jackson,0,0,0
13,Lamar Jackson,0,0,0
14,Malik Jackson,0,0,0
15,Robert Jackson,0,0,0
16,William Jackson,0,0,0
17,Josh Jacobs,0,0,0
18,Andy Janovich,0,0,0
19,J.J. Jansen,0,0,0
20,Grady Jarrett,0,1,0
21,Blake Jarwin,0,0,0
22,Shemar Jean-Charles,0,0,0
23,Tony Jefferson,0,0,0
24,Van Jefferson,0,0,0
0,Elgton Jenkins,0,0,0
1,John Jenkins,0,0,0
2,Jordan Jenkins,0,0,0
3,Rayshawn Jenkins,0,0,0
4,Jauan Jennings,0,0,0
5,Ryan Jensen,0,0,0
6,Josh Johnson,0,0,0
7,Darryl Johnson,0,0,0
8,Jaquan Johnson,0,0,0
9,Diontae Johnson,0,0,0
10,Ty Johnson,0,0,0
11,Lonnie Johnson,0,0,0
12,A.J. Johnson,0,1,0
13,Austin Johnson,0,1,0
14,Buddy Johnson,0,0,0
15,Caleb Johnson,0,0,0
16,Collin Johnson,0,0,0
17,David Johnson,0,0,0
18,D'Ernest Johnson,0,0,0
19,Jakob Johnson,0,0,0
20,Jaleel Johnson,0,1,0
21,Josh Johnson,0,0,0
22,Juwan Johnson,0,0,0
23,Marcus Johnson,0,0,0
24,Patrick Johnson,0,0,0
0,Tyler Johnson,0,0,0
1,Raymond Johnson III,0,0,0
2,Chris Jones,0,0,0
3,Christian Jones,0,0,0
4,Ernest Jones,0,0,0
5,Zay Jones,0,0,0
6,Jamir Jones,0,0,0
7,Jonathan Jones,0,0,0
8,Joe Jones,0,0,0
9,Josh Jones,0,0,0
10,Justin Jones,0,2,0
11,Keandre Jones,0,0,0
12,Mac Jones,0,0,0
13,Marvin Jones,0,0,0
14,Naquan Jones,0,0,0
15,Julio Jones,0,0,0
16,Sidney Jones,0,0,0
17,Taiwan Jones,0,1,0
18,Patrick Jones II,0,0,0
19,Brevin Jordan,0,0,0
20,Mike Jordan,0,0,0
21,Karl Joseph,0,0,0
22,Kelvin Joseph,0,0,0
23,Linval Joseph,0,0,0
24,Sebastian Joseph-Day,0,0,0
0,Lamarcus Joyner,0,0,0
1,Matt Judon,0,0,0
2,Kyle Juszczyk,0,0,0
3,Alvin Kamara,0,0,0
4,Azur Kamara,0,0,0
5,Sam Kamara,0,0,0
6,Jayron Kearse,0,1,0
7,Travis Kelce,0,0,0
8,Marcus Kemp,0,0,0
9,Eric Kendricks,0,1,0
10,Devon Kennard,0,1,0
11,Zach Kerr,0,0,0
12,Ryan Kerrigan,0,0,0
13,Arden Key,0,0,0
14,Bopete Keyes,0,0,0
15,Miles Killebrew,0,0,0
16,Brandon King,0,0,0
17,Kevin King,0,0,0
18,Javon Kinlaw,0,0,0
19,Dre Kirkpatrick,0,0,0
20,Christian Kirksey,0,1,0
21,Micah Kiser,0,0,0
22,George Kittle,0,0,0
23,A.J. Klein,0,1,0
24,Cole Kmet,0,0,0
0,Younghoe Koo,0,0,0
1,Malcolm Koonce,0,0,0
2,Tyler Kroft,0,0,0
3,Jake Kumerow,0,0,0
4,Jordan Kunaszyk,0,0,0
5,Christian Kuntz,0,0,0
6,Cooper Kupp,0,0,0
7,CeeDee Lamb,0,0,0
8,Chris Lammons,0,1,0
9,Tyler Lancaster,0,0,0
10,Jarvis Landry,0,0,0
11,Harvey Langi,0,0,0
12,Marshon Lattimore,0,1,0
13,Justin Lawler,0,0,0
14,Rashard Lawrence,0,0,0
15,Trevor Lawrence,0,0,0
16,Nevin Lawson,0,0,0
17,Shaq Lawson,0,1,0
18,Justin Layne,0,0,0
19,Allen Lazard,0,0,0
20,Alex Leatherwood,0,0,0
21,Dallin Leavitt,0,1,0
22,Richard LeCounte III,0,0,0
23,Elijah Lee,0,0,0
24,Marquel Lee,0,0,0
0,Jessie Lemonier,0,0,0
1,Deommodore Lenoir,0,0,0
2,Anthony Levine,0,0,0
3,Tyquan Lewis,0,0,0
4,Brandon Linder,0,0,0
5,Chris Lindstrom,0,0,0
6,Corey Linsley,0,0,0
7,Cory Littleton,0,1,0
8,P.J. Locke,0,0,0
9,Drew Lock,0,0,0
10,Tyler Lockett,0,0,0
11,David Long,0,0,0
12,David Long,0,0,0
13,Roy Lopez,0,1,0
14,Star Lotulelei,0,0,0
15,Isaiahh Loudermilk,0,0,0
16,Rick Lovato,0,0,0
17,Julian Love,0,1,0
18,Dean Lowry,0,1,0
19,Cornelius Lucas,0,0,0
20,James Lynch,0,1,0
21,Greg Mabin,0,0,0
22,Isaiah Mack,0,0,0
23,Khalil Mack,0,1,0
24,Ledarius Mack,0,0,0
0,Justin Madubuike,0,0,0
1,Patrick Mahomes,0,0,0
2,Jordan Mailata,0,0,0
3,Cameron Malveaux,0,0,0
4,Greg Mancz,0,0,0
5,Dean Marlowe,0,1,0
6,Ali Marpet,0,0,0
7,Cassius Marsh,0,0,0
8,Jonathan Marshall,0,0,0
9,Trey Marshall,0,0,0
10,Kamal Martin,0,0,0
11,Wes Martin,0,0,0
12,Blake Martinez,0,0,0
13,Bobby Massie,0,0,0
14,Tyler Matakevich,0,0,0
15,Tyrann Mathieu,0,3,0
16,Ross Matiscik,0,0,0
17,Josh Mauro,0,0,0
18,Jared Mayden,0,0,0
19,Marcus Maye,0,0,0
20,David Mayo,0,1,0
21,Benson Mayowa,0,0,0
22,Christian McCaffrey,0,0,0
23,Bobby McCain,0,0,0
24,Mac McCain III,0,0,0
0,Ray-Ray McCloud,0,0,0
1,Devin McCourty,0,0,0
2,Jason McCourty,0,0,0
3,Colt McCoy,0,0,0
4,Lerentee McCray,0,0,0
5,KC McDermott,0,0,0
6,Bradley McDougald,0,0,0
7,Malik McDowell,0,1,0
8,Isaiah McDuffie,0,0,0
9,T.Y. McGill,0,0,0
10,Mike McGlinchey,0,0,0
11,Connor McGovern,0,0,0
12,Isaiah McKenzie,0,0,0
13,Kahlil McKenzie,0,0,0
14,Sean McKeon,0,0,0
15,Benardrick McKinney,0,0,0
16,Xavier McKinney,0,0,0
17,Jerick McKinnon,0,0,0
18,J.D. McKissic,0,0,0
19,Tre' McKitty,0,0,0
20,Terry McLaurin,0,0,0
21,Rodney McLeod,0,0,0
22,Brandon McManus,0,0,0
23,Racey McMath,0,0,0
24,Alim McNeill,0,0,0
0,Zech McPhearson,0,0,0
1,Pernell McPhee,0,0,0
2,Jake McQuaide,0,0,0
3,Torry McTyer,0,0,0
4,Steven Means,0,1,0
5,Patrick Mekari,0,0,0
6,Ifeatu Melifonwu,0,2,0
7,Rashaan Melvin,0,0,0
8,Whitney Mercilus,0,0,0
9,Forrest Merrill,0,0,0
10,DK Metcalf,0,0,0
11,Josh Metellus,0,0,0
12,Jakobi Meyers,0,0,0
13,Sony Michel,0,0,0
14,Jaydon Mickens,0,0,0
15,Matt Milano,0,2,0
16,Herb Miller,0,0,0
17,Scott Miller,0,1,0
18,Jalen Mills,0,1,0
19,Kevin Minter,0,0,0
20,Andre Mintze,0,0,0
21,Joe Mixon,0,0,0
22,David Moa,0,0,0
23,Tre'von Moehrig,0,0,0
24,Jovante Moffatt,0,0,0
0,Henry Mondeaux,0,1,0
1,David Montgomery,0,0,0
2,D.J. Montgomery,0,0,0
3,Ty Montgomery,0,0,0
4,Darnell Mooney,0,0,0
5,Chris Moore,0,0,0
6,C.J. Moore,0,0,0
7,D.J. Moore,0,0,0
8,Elijah Moore,0,0,0
9,Nick Moore,0,0,0
10,Rondale Moore,0,0,0
11,Fabian Moreau,0,1,0
12,Jimmy Moreland,0,0,0
13,Stanley Morgan,0,0,0
14,Emmanuel Moseley,0,1,0
15,Zack Moss,0,0,0
16,Taylor Moton,0,0,0
17,Trayvon Mullen,0,0,0
18,Johnny Mundt,0,0,0
19,Calvin Munson,0,0,0
20,Larrell Murchison,0,0,0
21,Kenneth Murray,0,0,0
22,Eric Murray,0,0,0
23,Justin Murray,0,0,0
24,Latavius Murray,0,0,0
0,Tanner Muse,0,0,0
1,Sam Mustipher,0,0,0
2,Jason Myers,0,0,0
3,Josh Myers,0,0,0
4,Gabe Nabers,0,0,0
5,Kai Nacua,0,0,0
6,Ryan Nall,0,0,0
7,Hamsah Nasirildeen,0,0,0
8,Keanu Neal,0,0,0
9,Ryan Neal,0,0,0
10,Sharrod Neasman,0,0,0
11,Nik Needham,0,1,0
12,Anthony Nelson,0,1,0
13,Quenton Nelson,0,0,0
14,Steven Nelson,0,0,0
15,Dazz Newsome,0,0,0
16,Greg Newsome II,0,0,0
17,Lucas Niang,0,0,0
18,Bilal Nichols,0,2,0
19,Hardy Nickerson,0,0,0
20,Parry Nickerson,0,0,0
21,Ben Niemann,0,2,0
22,Nick Niemann,0,0,0
23,Daviyon Nixon,0,0,0
24,Keisean Nixon,0,0,0
0,David Njoku,0,0,0
1,Robert Nkemdiche,0,0,0
2,Derrick Nnadi,0,0,0
3,Jared Norris,0,0,0
4,Storm Norton,0,0,0
5,Tre Norwood,0,0,0
6,Mark Nzeocha,0,0,0
7,Efe Obada,0,0,0
8,Pat O'Connor,0,0,0
9,Dorian O'Daniel,0,0,0
10,Ifeadi Odenigbo,0,1,0
11,Osa Odighizuwa,0,0,0
12,Pat O'Donnell,0,0,0
13,Amen Ogbongbemiga,0,0,0
14,Dare Ogunbowale,0,0,0
15,Adetokunbo Ogundeji,0,1,0
16,Larry Ogunjobi,0,0,0
17,Michael Ojemudia,0,0,0
18,Bobby Okereke,0,0,0
19,Jeff Okudah,0,0,0
20,Romeo Okwara,0,0,0
21,Josh Oliver,0,0,0
22,Gunner Olszewski,0,0,0
23,Charles Omenihu,0,0,0
24,Brian O'Neill,0,0,0
0,Levi Onwuzurike,0,0,0
1,David Onyemata,0,1,0
2,Kareem Orr,0,0,0
3,Amani Oruwariye,0,1,0
4,Matthew Orzech,0,0,0
5,K.J. Osborn,0,0,0
6,James O'Shaughnessy,0,0,0
7,Matt Overton,0,0,0
8,Jonathan Owens,0,1,0
9,Josh Palmer,0,0,0
10,Matt Paradis,0,0,0
11,Brandon Parker,0,0,0
12,DeVante Parker,0,0,0
13,Steven Parker,0,0,0
14,Will Parks,0,0,0
15,Zach Pascal,0,0,0
16,Aaron Patrick,0,0,0
17,Cordarrelle Patterson,0,0,0
18,Riley Patterson,0,0,0
19,Daron Payne,0,1,0
20,John Penisini,0,0,0
21,Mike Pennel,0,0,0
22,Elijhaa Penny,0,0,0
23,Donovan Peoples-Jones,0,0,0
24,Jabrill Peppers,0,0,0
0,Samaje Perine,0,0,0
1,Corey Peters,0,1,0
2,Jason Peters,0,0,0
3,Kevin Peterson,0,0,0
4,Patrick Peterson,0,0,0
5,Dante Pettis,0,0,0
6,Darius Phillips,0,0,0
7,Del'Shawn Phillips,0,1,0
8,Harrison Phillips,0,1,0
9,Jacob Phillips,0,0,0
10,Jaelan Phillips,0,1,0
11,Jordan Phillips,0,0,0
12,Kyle Phillips,0,0,0
13,Darius Philon,0,2,0
14,Kevin Pierre-Louis,0,1,0
15,Anthony Pittman,0,0,0
16,Michael Pittman,0,0,0
17,Kyle Pitts,0,0,0
18,Tony Pollard,0,0,0
19,Benning Potoa'e,0,0,0
20,Jordan Poyer,0,0,0
21,Adam Prentice,0,0,0
22,Dak Prescott,0,0,0
23,Billy Price,0,0,0
24,Bobby Price,0,0,0
0,Byron Pringle,0,1,0
1,MyCole Pruitt,0,0,0
2,Justin Pugh,0,0,0
3,Mike Purcell,0,1,0
4,Shaquille Quarterman,0,0,0
5,Kevin Rader,0,0,0
6,Dillon Radunz,0,0,0
7,Reggie Ragland,0,1,0
8,Nick Ralston,0,0,0
9,Sheldon Rankins,0,2,0
10,Taylor Rapp,0,1,0
11,Hamilcar Rashed Jr.,0,0,0
12,D.J. Reader,0,0,0
13,Jalen Reagor,0,0,0
14,Jeremy Reaves,0,0,0
15,Sheldrick Redwine,0,0,0
16,D.J. Reed,0,1,0
17,J.R. Reed,0,0,0
18,Troy Reeder,0,0,0
19,John Reid,0,0,0
20,Riley Reiff,0,0,0
21,Hunter Renfrow,0,0,0
22,Sammis Reyes,0,0,0
23,Craig Reynolds,0,0,0
24,Josh Reynolds,0,0,0
0,LaRoy Reynolds,0,0,0
1,Jon Rhattigan,0,1,0
2,Xavier Rhodes,0,1,0
3,Giovanni Ricci,0,0,0
4,Monty Rice,0,0,0
5,Jordan Richards,0,0,0
6,Calvin Ridley,0,0,0
7,Duke Riley,0,0,0
8,Elijah Riley,0,0,0
9,Chauncey Rivers,0,0,0
10,Derek Rivers,0,0,0
11,Malcolm Roach,0,0,0
12,Derick Roberson,0,0,0
13,Darryl Roberts,0,0,0
14,Amik Robertson,0,0,0
15,Roy Robertson-Harris,0,0,0
16,Nickell Robey-Coleman,0,0,0
17,Aaron Robinson,0,0,0
18,Allen Robinson,0,0,0
19,Curtis Robinson,0,0,0
20,Edmond Robinson,0,0,0
21,James Robinson,0,0,0
22,Kenny Robinson,0,0,0
23,Rashard Robinson,0,0,0
24,Bradley Roby,0,0,0
0,Isaac Rochell,0,0,0
1,Robert Rochell,0,1,0
2,Amari Rodgers,0,0,0
3,Isaiah Rodgers,0,0,0
4,Richard Rodgers,0,0,0
5,D'Angelo Ross,0,0,0
6,Bunmi Rotimi,0,0,0
7,Larry Rountree III,0,0,0
8,Bravvion Roy,0,0,0
9,Christian Rozeboom,0,0,0
10,Chris Rumph II,0,0,0
11,Chapelle Russell,0,0,0
12,KeiVarae Russell,0,0,0
13,Cameron Sample,0,0,0
14,Drew Sample,0,0,0
15,Curtis Samuel,0,0,0
16,Deebo Samuel,0,0,0
17,Asante Samuel Jr.,0,0,0
18,Rigoberto Sanchez,0,0,0
19,Emmanuel Sanders,0,0,0
20,Mohamed Sanu,0,0,0
21,Eric Saubert,0,0,0
22,Khalen Saunders,0,0,0
23,Darnell Savage,0,0,0
24,Patrick Scales,0,0,0
0,Brennan Scarlett,0,0,0
1,Brandon Scherff,0,0,0
2,Dalton Schultz,0,0,0
3,Anthony Schwartz,0,0,0
4,Boston Scott,0,0,0
5,Josiah Scott,0,0,0
6,Nick Scott,0,0,0
7,Trent Scott,0,0,0
8,Vernon Scott,0,0,0
9,Trey Sermon,0,0,0
10,Tim Settle,0,1,0
11,Kevon Seymour,0,0,0
12,Tajae Sharpe,0,0,0
13,Jabaal Sheard,0,0,0
14,Kendall Sheffield,0,0,0
15,Duke Shelley,0,0,0
16,Danny Shelton,0,0,0
17,Tyler Shelvin,0,0,0
18,Laviska Shenault Jr.,0,0,0
19,Sterling Shepard,0,0,0
20,Nathan Shepherd,0,0,0
21,Trent Sherfield,0,2,0
22,Richard Sherman,0,1,0
23,Jamien Sherwood,0,0,0
24,Trent Sieg,0,0,0
0,Jeffery Simmons,0,0,0
1,Justin Simmons,0,0,0
2,John Simon,0,0,0
3,Cam Sims,0,0,0
4,Devin Singletary,0,0,0
5,Ben Skowronek,0,0,0
6,Buster Skrine,0,0,0
7,Matthew Slater,0,0,0
8,Darius Slayton,0,0,0
9,Tedarrell Slaton,0,0,0
10,Darius Slay,0,2,2
11,Joey Slye,0,0,0
12,Jimmy Smith,0,0,0
13,Andre Smith,0,1,0
14,Kaden Smith,0,0,0
15,Saivion Smith,0,0,0
16,Chris Smith,0,0,0
17,Jaylon Smith,0,0,0
18,Jeff Smith,0,0,0
19,Jordan Smith,0,0,0
20,Keith Smith,0,0,0
21,Lee Smith,0,0,0
22,Malcolm Smith,0,0,0
23,Rodney Smith,0,0,0
24,Sutton Smith,0,0,0
0,Roquan Smith,0,0,0
1,Ryan Smith,0,0,0
2,Shi Smith,0,0,0
3,T.J. Smith,0,0,0
4,Tremon Smith,0,1,0
5,Tre'Quan Smith,0,0,0
6,Trey Smith,0,0,0
7,Tye Smith,0,0,0
8,Tyron Smith,0,0,0
9,Za'Darius Smith,0,0,0
10,James Smith-Williams,0,0,0
11,Durham Smythe,0,0,0
12,Benny Snell,0,0,0
13,Nate Solder,0,0,0
14,Daniel Sorensen,0,0,0
15,Quinton Spain,0,0,0
16,Akeem Spence,0,0,0
17,Noah Spence,0,0,0
18,Marquiss Spencer,0,0,0
19,Robert Spillane,0,0,0
20,Jeremy Sprinkle,0,0,0
21,Damion Square,0,0,0
22,Taylor Stallworth,0,0,0
23,Amon-Ra St. Brown,0,0,0
24,Equanimeous St. Brown,0,0,0
0,Terence Steele,0,0,0
1,Shamar Stephen,0,0,0
2,Brandon Stephens,0,0,0
3,Caden Sterns,0,0,0
4,JaCoby Stevens,0,0,0
5,Benjamin St-Juste,0,0,0
6,Luke Stocker,0,0,0
7,Eric Stokes,0,0,0
8,Jack Stoll,0,0,0
9,Geno Stone,0,0,0
10,Dillon Stoner,0,0,0
11,Connor Strachan,0,0,0
12,Justin Strnad,0,0,0
13,Kevin Strong,0,0,0
14,Ndamukong Suh,0,1,0
15,Chandon Sullivan,0,0,0
16,Ty Summers,0,1,0
17,Pat Surtain II,0,0,0
18,Geoff Swaim,0,0,0
19,Teez Tabor,0,0,0
20,Tua Tagovailoa,0,0,0
21,Ryan Tannehill,0,0,0
22,Teair Tart,0,0,0
23,Jaquiski Tartt,0,0,0
24,Auden Tate,0,0,0
0,Jahlani Tavai,0,1,0
1,J.J. Taylor,0,0,0
2,Malik Taylor,0,0,0
3,Patrick Taylor,0,0,0
4,Vincent Taylor,0,0,0
5,Roderic Teamer,0,0,0
6,Ambry Thomas,0,0,0
7,Andrew Thomas,0,0,0
8,Daniel Thomas,0,0,0
9,Ian Thomas,0,0,0
10,Joe Thomas,0,0,0
11,Kiondre Thomas,0,0,0
12,Michael Thomas,0,0,0
13,Stantley Thomas-Oliver,0,0,0
14,Cody Thompson,0,1,0
15,Deionte Thompson,0,0,0
16,Colin Thompson,0,0,0
17,Darian Thompson,0,0,0
18,Jalen Thompson,0,0,0
19,Nick Thurman,0,0,0
20,Jerry Tillery,0,0,0
21,Carson Tinker,0,0,0
22,Noah Togiai,0,0,0
23,Tommy Togiai,0,0,0
24,Dalvin Tomlinson,0,1,0
0,Eric Tomlinson,0,0,0
1,Shaka Toney,0,0,0
2,Khyiris Tonga,0,1,0
3,Casey Toohill,0,0,0
4,Tavon Young,0,0,0
5,Johnny Townsend,0,0,0
6,Drue Tranquill,0,1,0
7,Adam Trautman,0,0,0
8,Laquon Treadwell,0,0,0
9,Tommy Tremble,0,0,0
10,Danny Trevathan,0,0,0
11,Zach Triner,0,0,0
12,Desmond Trufant,0,0,0
13,Joe Tryon-Shoyinka,0,0,0
14,Jay Tufele,0,0,0
15,Jacob Tuioti-Mariner,0,0,0
16,Marlon Tuipulotu,0,0,0
17,Josh Tupou,0,0,0
18,Kemoko Turay,0,1,0
19,Zeke Turner,0,0,0
20,Payton Turner,0,0,0
21,Trai Turner,0,0,0
22,Josh Uche,0,1,0
23,Brent Urban,0,0,0
24,Halapoulivaati Vaitai,0,0,0
0,Tanner Vallejo,0,0,0
1,Leighton Vander Esch,0,0,0
2,Greg Van Roten,0,0,0
3,Vita Vea,0,1,0
4,Alijah Vera-Tucker,0,0,0
5,Jason Verrett,0,0,0
6,Nick Vigil,0,0,0
7,Kindle Vildor,0,0,0
8,Kary Vincent Jr.,0,0,0
9,Dee Virgin,0,0,0
10,Tristan Vizcaino,0,0,0
11,Jaylen Waddle,0,0,0
12,Barrington Wade,0,0,0
13,Shaun Wade,0,0,0
14,Anthony Walker,0,0,0
15,Joe Walker,0,0,0
16,Mykal Walker,0,1,0
17,P.J. Walker,0,0,0
18,Tracy Walker III,0,0,0
19,K'Von Wallace,0,0,0
20,Levi Wallace,0,1,0
21,Tylan Wallace,0,0,0
22,Darren Waller,0,0,0
23,Garret Wallow,0,0,0
24,Charvarius Ward,0,0,0
0,Denzel Ward,0,0,0
1,Jihad Ward,0,0,0
2,Jimmie Ward,0,0,0
3,Tim Ward,0,0,0
4,Nigel Warrior,0,0,0
5,Ar'Darius Washington,0,0,0
6,Broderick Washington,0,0,0
7,Charles Washington,0,0,0
8,Dwayne Washington,0,0,0
9,Carlos Watkins,0,1,0
10,Quez Watkins,0,0,0
11,Brandon Rusnak,0,0,0
12,Derek Watt,0,0,0
13,Armani Watts,0,1,0
14,Tress Way,0,0,0
15,Trae Waynes,0,0,0
16,Stephen Weatherly,0,0,0
17,Curtis Weaver,0,0,0
18,Rashad Weaver,0,0,0
19,Mark Webb,0,0,0
20,Nsimba Webster,0,0,0
21,Jon Weeks,0,0,0
22,Kristian Welch,0,0,0
23,Pete Werner,0,0,0
24,Trevon Wesco,0,0,0
0,Dede Westbrook,0,0,0
1,Nick Westbrook-Ikhine,0,0,0
2,Ethan Westbrooks,0,0,0
3,Chris Westry,0,0,0
4,Cody White,0,0,0
5,Devin White,0,0,0
6,Cody Whitehair,0,0,0
7,Tahir Whitehead,0,0,0
8,Jace Whittaker,0,0,0
9,Mitchell Wilcox,0,0,0
10,Rachad Wildgoose,0,0,0
11,Jordan Wilkins,0,0,0
12,Kenny Willekes,0,0,0
13,Quinnen Williams,0,0,0
14,Joejuan Williams,0,0,0
15,Donovan Wilson,0,0,0
16,Brandon Williams,0,1,0
17,Trayveon Williams,0,0,0
18,Chris Williams,0,0,0
19,Damien Williams,0,0,0
20,Darious Williams,0,1,0
21,Darrel Williams,0,0,0
22,DeShawn Williams,0,0,0
23,Jarren Williams,0,0,0
24,Javonte Williams,0,0,0
0,Jonathan Williams,0,0,0
1,Jonah Williams,0,0,0
2,Maxx Williams,0,0,0
3,Milton Williams,0,0,0
4,Nick Williams,0,0,0
5,Raequan Williams,0,0,0
6,Rodarius Williams,0,0,0
7,Shawn Williams,0,0,0
8,Trent Williams,0,0,0
9,Xavier Williams,0,0,0
10,Chris Williamson,0,0,0
11,Khari Willis,0,1,0
12,Brandon Wilson,0,0,0
13,Ced Wilson,0,0,0
14,Eric Wilson,0,0,0
15,Jarrod Wilson,0,0,0
16,Jeff Wilson,0,0,0
17,Mack Wilson,0,0,0
18,Marvin Wilson,0,0,0
19,Tavon Wilson,0,0,0
20,Zach Wilson,0,0,0
21,Jomal Wiltz,0,0,0
22,Andrew Wingard,0,0,0
23,Chase Winovich,0,0,0
24,Jameis Winston,0,0,0
0,Tristan Wirfs,0,0,0
1,Steven Wirtel,0,0,0
2,Daniel Wise,0,0,0
3,Mitch Wishnowsky,0,0,0
4,Ahkello Witherspoon,0,0,0
5,Charlie Woerner,0,0,0
6,Al Woods,0,0,0
7,Antwaun Woods,0,0,0
8,Josh Woods,0,0,0
9,Robert Woods,0,0,0
10,Daryl Worley,0,0,0
11,Renell Wren,0,0,0
12,Brock Wright,0,0,0
13,K.J. Wright,0,0,0
14,Nahshon Wright,0,0,0
15,Isaiah Wynn,0,0,0
16,Oshane Ximines,0,0,0
17,Kenny Yeboah,0,0,0
18,Isaac Yiadom,0,0,0
19,Olamide Zaccheaus,0,0,0
20,Kevin Zeitler,0,0,0
21,Justin Zimmer,0,0,0
22,Brandon Zylstra,0,0,0
23,,0,0,0
24,,0,0,0
0,,0,0,0
1,,0,0,0
2,,0,0,0
3,,0,0,0
