,Player,Comb,Asst,Solo,Sck
0,Foye Oluokun,192,90,88,2.0
1,Jordyn Brooks,184,75,83,1.0
2,Bobby Wagner,170,77,78,1.0
3,C.J. Mosley,168,65,83,2.0
4,Roquan Smith,163,68,85,3.0
5,Denzel Perryman,154,52,94,0.0
6,De'Vondre Campbell,146,44,88,2.0
7,Kyzir White,144,54,66,1.0
8,Eric Kendricks,143,62,63,5.0
9,Cole Holcomb,142,59,66,1.0
10,Deion Jones,137,50,73,2.0
11,Alex Singleton,137,56,73,0.0
12,Fred Warner,137,58,71,0.5
13,Bobby Okereke,132,43,66,1.0
14,Tae Crowder,130,66,53,0.0
15,T.J. Edwards,130,66,59,1.0
16,Devin White,128,41,81,3.5
17,Minkah Fitzpatrick,124,40,76,0.0
18,Shaquille Leonard,122,47,58,0.0
19,Jalen Thompson,121,42,70,0.0
20,Derwin James,118,43,70,2.0
21,Logan Ryan,117,40,65,1.0
22,Johnathan Abram,116,52,55,0.0
23,Jordan Hicks,116,41,62,4.0
24,Harrison Smith,114,31,68,3.0
0,Jordan Fuller,113,50,58,0.0
1,Anthony Walker,113,44,59,1.0
2,Nick Bolton,112,42,57,0.0
3,Joe Schobert,112,42,57,0.0
4,Quincy Williams,110,37,64,2.0
5,Ja'Whaun Bentley,109,41,51,1.0
6,Tremaine Edmunds,108,38,52,0.0
7,Kamu Grugier-Hill,108,38,58,3.0
8,Myles Jack,108,46,51,0.0
9,Tracy Walker III,108,34,63,1.0
10,Xavier Woods,108,36,65,1.0
11,Jeremy Chinn,107,32,70,1.0
12,Damien Wilson,106,47,55,3.0
13,Demario Davis,105,35,61,3.0
14,Isaiah Simmons,105,35,65,1.5
15,Shaq Thompson,104,39,58,2.0
16,Azeez Al-Shaair,102,44,51,2.0
17,Kenny Moore II,102,20,73,1.0
18,Jayron Kearse,101,34,60,1.0
19,Logan Wilson,100,43,50,1.0
20,Nasir Adderley,99,30,64,0.5
21,Kamren Curl,99,37,57,1.0
22,Budda Baker,98,35,60,2.0
23,Cory Littleton,98,47,46,0.5
24,Patrick Queen,98,30,61,2.0
0,Vonn Bell,97,33,62,0.5
1,Lavonte David,97,34,55,2.0
2,Quandre Diggs,94,28,54,0.0
3,Taylor Rapp,94,30,51,1.5
4,Adrian Amos,93,18,68,0.0
5,Zach Cunningham,93,42,44,0.0
6,Will Harris,93,31,57,0.5
7,Desmond King,93,25,63,0.0
8,Christian Kirksey,93,38,37,0.0
9,Xavier McKinney,93,34,54,0.0
10,Jordan Poyer,93,27,58,3.0
11,Jerome Baker,92,30,54,5.5
12,Kyle Dugger,92,22,56,0.0
13,Adrian Phillips,92,36,41,0.0
14,Germaine Pratt,91,34,51,0.5
15,Troy Reeder,91,43,41,2.0
16,Terrell Edmunds,89,26,49,1.0
17,Cameron Heyward,89,36,39,10.0
18,Christian Wilkins,89,40,35,4.5
19,Jessie Bates,88,21,62,0.0
20,Kevin Byard,88,31,42,1.0
21,Jermaine Carter,88,50,36,0.0
22,Kareem Jackson,88,26,55,1.0
23,Antoine Winfield Jr.,88,26,59,2.0
24,Andrew Wingard,88,31,54,1.0
0,Jamal Adams,87,31,47,0.0
1,Alec Ogletree,87,32,51,0.0
2,Matt Milano,86,29,45,3.0
3,Tavierre Thomas,86,35,43,0.0
4,Nick Vigil,85,40,39,1.0
5,Aaron Donald,84,46,30,12.5
6,Micah Parsons,84,20,59,13.0
7,Elandon Roberts,83,41,36,1.0
8,Jalen Reeves-Maybin,82,29,47,0.0
9,Krys Barnes,81,23,53,1.0
10,Landon Collins,81,30,46,3.0
11,A.J. Terrell,81,29,51,1.0
12,Leonard Williams,81,47,27,6.5
13,Chuck Clark,80,31,45,1.0
14,Anthony Hitchens,80,39,37,0.0
15,Justin Simmons,80,20,49,1.5
16,Bryce Hall,79,13,58,0.5
17,Malcolm Jenkins,79,26,49,1.0
18,Brandon Jones,79,31,40,5.0
19,Alex Anzalone,78,29,44,1.0
20,D.J. Reed,78,16,48,0.0
21,Brandon Stephens,78,29,46,0.0
22,Kendall Fuller,77,13,58,1.0
23,Jalen Ramsey,77,15,52,0.0
24,Leighton Vander Esch,77,29,43,1.0
0,Jimmie Ward,77,26,44,0.0
1,Josh Bynes,76,26,38,2.0
2,Jamin Davis,76,28,40,1.0
3,Eddie Jackson,76,22,49,0.0
4,Taron Johnson,76,23,42,3.0
5,Tyrann Mathieu,76,16,57,1.0
6,Eric Murray,76,28,42,0.0
7,Jeremiah Owusu-Koramoah,76,27,43,1.5
8,L'Jarius Sneed,76,19,55,1.0
9,Drue Tranquill,76,31,43,1.5
10,Harold Landry,75,24,44,12.0
11,David Long,75,29,40,0.0
12,Kenny Young,75,34,38,2.0
13,Alex Highsmith,74,28,37,6.0
14,Nate Hobbs,74,23,48,1.0
15,Micah Hyde,74,21,49,1.0
16,Marcus Williams,74,22,50,0.0
17,Tyson Campbell,73,24,46,0.0
18,Rayshawn Jenkins,73,17,50,0.0
19,Avonte Maddox,73,20,47,0.5
20,Jordan Whitehead,73,15,52,0.0
21,Anthony Barr,72,34,31,2.5
22,Michael Carter II,72,27,38,1.0
23,Anthony Harris,72,36,34,0.0
24,Austin Johnson,72,41,25,3.5
0,Keanu Neal,72,28,42,1.0
1,Eric Rowe,72,28,38,0.0
2,Josh Allen,71,25,36,7.5
3,Anthony Brown,71,12,56,0.0
4,Andrew Van Ginkel,71,21,40,4.0
5,Darious Williams,71,11,55,0.0
6,Devin Bush,70,29,35,2.0
7,Leonard Floyd,70,33,30,9.5
8,Jevon Holland,69,21,44,2.5
9,DeForest Buckner,68,28,28,7.0
10,Marshon Lattimore,68,13,53,0.0
11,Haason Reddick,68,31,31,11.0
12,Derrick Barnes,67,25,36,2.0
13,Duron Harmon,67,23,39,0.0
14,Dean Marlowe,67,30,29,0.0
15,Reggie Ragland,67,29,31,0.0
16,A'Shawn Robinson,67,34,24,2.0
17,Charvarius Ward,67,19,44,0.0
18,Paulson Adebo,66,11,51,0.0
19,Grant Delpit,66,23,39,1.0
20,Mike Hilton,66,18,43,0.0
21,Sidney Jones,66,21,38,0.0
22,Julian Love,66,30,33,0.5
23,Justin Reid,66,25,36,0.0
24,Jaquiski Tartt,66,24,36,0.0
0,Kyle Van Noy,66,24,34,5.0
1,Davon Godchaux,65,33,25,1.0
2,Charles Harris,65,31,31,7.5
3,Chidobe Awuzie,64,11,49,0.0
4,Erik Harris,64,18,44,0.5
5,Dont'a Hightower,64,25,31,1.5
6,Byron Murphy,64,15,49,0.5
7,Juan Thornhill,64,21,42,0.0
8,T.J. Watt,64,16,42,22.5
9,Arik Armstead,63,34,22,6.0
10,Bashaud Breeland,63,16,38,0.0
11,Brandin Echols,63,13,46,0.0
12,Javon Hargrave,63,36,25,7.5
13,Bobby McCain,63,16,46,0.0
14,Darnell Savage,63,15,43,0.0
15,Khari Willis,63,20,36,1.5
16,Jonathan Allen,62,31,24,9.0
17,Ashtyn Davis,62,19,37,0.5
18,Marcus Epps,62,23,37,0.0
19,Amani Hooker,62,24,36,0.0
20,Sam Hubbard,62,29,30,7.5
21,Adoree' Jackson,62,15,41,0.0
22,Elijah Molden,62,19,39,0.0
23,Zach Sieler,62,29,23,2.0
24,Pete Werner,62,26,30,0.0
0,Donte Jackson,61,11,48,0.0
1,John Johnson,61,24,32,0.5
2,Ernest Jones,61,25,29,1.0
3,Jourdan Lewis,61,14,45,1.5
4,Fabian Moreau,61,17,42,0.0
5,Daron Payne,61,26,28,4.5
6,Lawrence Guy,60,23,23,1.5
7,Neville Hewitt,60,23,32,0.0
8,Matt Judon,60,22,31,12.5
9,Devin McCourty,60,18,40,0.0
10,Terrance Mitchell,60,15,38,0.0
11,Tyus Bowser,59,26,29,7.0
12,Grady Jarrett,59,21,28,1.0
13,Cameron Jordan,59,21,35,12.5
14,Nik Needham,59,11,42,1.0
15,Baron Browning,58,26,32,0.0
16,Ronnie Harrison,58,18,32,1.0
17,Marlon Humphrey,58,14,41,0.0
18,J.C. Jackson,58,14,40,0.0
19,Byron Jones,58,11,40,0.0
20,Rodney McLeod,58,26,31,0.0
21,Pat Surtain II,58,13,45,0.0
22,Levi Wallace,58,11,42,0.0
23,Malcom Brown,57,27,24,2.0
24,Rasul Douglas,57,5,51,0.0
0,Rashaan Evans,57,22,29,0.0
1,Linval Joseph,57,27,24,1.0
2,Ben Niemann,57,18,33,1.0
3,Amani Oruwariye,57,13,42,0.0
4,Maxx Crosby,56,20,26,8.0
5,D.J. Jones,56,16,34,2.0
6,Robert Spillane,56,27,25,0.0
7,Jayon Brown,55,20,32,0.0
8,Brandon Facyson,55,13,38,0.0
9,Greg Gaines,55,27,21,4.5
10,Lonnie Johnson,55,17,33,0.0
11,Tre'von Moehrig,55,19,35,0.0
12,George Odum,55,10,39,0.0
13,Eric Stokes,55,12,40,0.0
14,Ugo Amadi,54,12,40,0.0
15,Anthony Averett,54,8,43,0.0
16,Michael Davis,54,12,37,0.0
17,Janoris Jenkins,54,16,33,0.0
18,Dexter Lawrence,54,27,25,2.5
19,Jeffery Simmons,54,12,34,8.5
20,Cameron Dantzler,53,9,41,0.0
21,Ronald Darby,53,11,40,0.0
22,Jamel Dean,53,9,39,0.0
23,Poona Ford,53,30,19,2.0
24,Rudy Ford,53,14,38,0.5
0,Quinnen Williams,53,17,30,6.0
1,Nick Bosa,52,12,38,15.5
2,Michael Brockers,52,29,18,1.0
3,Christian Covington,52,22,25,1.0
4,Trevon Diggs,52,9,39,0.0
5,Damontae Kazee,52,17,33,0.0
6,Darius Slay,52,12,37,0.0
7,Cameron Sutton,52,8,43,0.0
8,K'Waun Williams,52,12,35,1.0
9,Mackensie Alexander,51,18,29,0.0
10,Shaquil Barrett,51,14,34,10.0
11,Joey Bosa,51,15,30,10.5
12,Kyle Fuller,51,11,38,0.0
13,Myles Garrett,51,18,31,16.0
14,DeAndre Houston-Carson,51,18,28,0.0
15,Bilal Nichols,51,25,20,3.0
16,Harrison Phillips,51,23,23,1.0
17,Malcolm Smith,51,19,22,0.0
18,Daniel Sorensen,51,11,38,1.0
19,Jerry Tillery,51,27,19,4.5
20,Chris Wormley,51,22,24,7.0
21,K.J. Wright,51,26,20,0.0
22,Kwon Alexander,50,11,32,3.5
23,Brian Burns,50,19,27,9.0
24,Lorenzo Carter,50,22,22,5.0
0,B.J. Hill,50,21,25,5.5
1,Xavien Howard,50,11,35,1.0
2,Von Miller,50,17,27,9.5
3,Steven Nelson,50,16,31,0.0
4,AJ Parker,50,11,36,0.0
5,Greg Rousseau,50,8,35,4.0
6,Al Woods,50,24,20,1.5
7,Eli Apple,49,11,35,0.0
8,Calais Campbell,49,20,21,1.5
9,Rashad Fenton,49,10,39,0.0
10,Shaquill Griffin,49,13,35,0.0
11,Shelby Harris,49,25,23,6.0
12,Troy Hill,49,15,28,2.0
13,Ryan Neal,49,17,28,1.0
14,Josh Norman,49,13,35,0.0
15,Larry Ogunjobi,49,20,23,7.0
16,Azeez Ojulari,49,20,28,8.0
17,Robert Quinn,49,11,32,18.5
18,Isaiah Rodgers,49,10,35,0.0
19,Zach Allen,48,18,24,4.0
20,Sean Chandler,48,21,25,0.0
21,Kenny Clark,48,21,23,4.0
22,Willie Gay Jr.,48,22,22,0.5
23,Markus Golden,48,15,29,11.0
24,Rasheem Green,48,21,19,6.5
0,Javelin Guidry,48,15,28,0.0
1,Al-Quadin Muhammad,48,16,25,6.0
2,Shy Tuttle,48,31,16,0.0
3,Marco Wilson,48,8,36,0.0
4,James Bradberry,47,10,36,0.0
5,Rashan Gary,47,20,23,9.5
6,Tashaun Gipson,47,14,32,1.0
7,Mike Hughes,47,7,40,0.0
8,Quinton Jefferson,47,30,13,4.5
9,Arthur Maulet,47,9,36,0.0
10,Jalen Mills,47,12,33,0.0
11,James Pierre,47,10,33,0.0
12,Nick Scott,47,19,26,0.0
13,M.J. Stewart,47,13,29,0.0
14,D.J. Wonnum,47,18,24,8.0
15,Christian Barmore,46,23,14,1.5
16,Derek Barnett,46,26,17,2.0
17,Mike Edwards,46,12,31,0.0
18,Foley Fatukasi,46,21,17,0.0
19,Chauncey Gardner-Johnson,46,14,31,2.0
20,Jonas Griffith,46,24,18,0.0
21,DaVon Hamilton,46,20,23,1.0
22,Casey Hayward,46,7,37,0.0
23,Jaylon Johnson,46,9,33,0.0
24,Marcus Maye,46,16,26,1.0
0,Grover Stewart,46,23,15,1.0
1,Kindle Vildor,46,13,30,1.0
2,Armon Watts,46,26,15,5.0
3,Eric Wilson,46,26,17,0.0
4,Divine Deablo,45,17,22,0.0
5,Myles Hartsfield,45,15,28,1.0
6,Patrick Peterson,45,11,33,0.0
7,Elijah Riley,45,22,20,1.0
8,Josh Sweat,45,26,17,7.5
9,Marcell Harris,44,20,22,1.0
10,Malik Hooker,44,14,28,0.0
11,Sione Takitaki,44,23,20,0.0
12,Genard Avery,43,22,19,1.0
13,Angelo Blackson,43,19,22,2.5
14,Sean Murphy-Bunting,43,13,26,0.0
15,Ross Cockrell,43,14,28,0.0
16,Dane Cruikshank,43,13,29,0.0
17,Frankie Luvu,43,17,21,1.5
18,Steven Means,43,19,15,0.0
19,D.J. Reader,43,21,18,2.0
20,Jarran Reed,43,20,20,2.5
21,Malik Reed,43,19,22,5.0
22,Asante Samuel Jr.,43,10,31,0.0
23,Denzel Ward,43,9,33,0.5
24,Alohi Gilman,42,14,24,0.0
0,Dean Lowry,42,18,20,5.0
1,Emmanuel Moseley,42,9,31,0.0
2,Jaelan Phillips,42,19,20,8.5
3,P.J. Williams,42,6,35,2.0
4,Mack Wilson,42,16,24,0.0
5,Chris Board,41,23,18,0.0
6,Derrick Brown,41,14,24,3.0
7,Myles Bryant,41,13,25,1.0
8,Dane Jackson,41,8,31,0.0
9,Emmanuel Ogbah,41,15,19,9.0
10,Ed Oliver,41,12,24,4.0
11,Davion Taylor,41,17,23,0.0
12,Tre'Davious White,41,14,23,0.5
13,Greedy Williams,41,6,34,0.0
14,Deatrich Wise,41,13,21,3.0
15,Deon Bush,40,9,28,0.0
16,Tevaughn Campbell,40,9,28,0.0
17,Zaire Franklin,40,19,17,0.0
18,Kristian Fulton,40,10,29,0.0
19,Chandler Jones,40,10,27,10.5
20,David Long,40,5,31,0.0
21,Kevin Minter,40,14,24,1.0
22,Uchenna Nwosu,40,16,17,5.0
23,Andrew Sendejo,40,11,24,0.0
24,Tarell Basham,39,18,17,3.5
0,Brandon Copeland,39,16,19,0.0
1,Marcus Davenport,39,16,21,9.0
2,Carlton Davis,39,6,31,0.0
3,Tre Flowers,39,10,23,0.0
4,Trevis Gipson,39,16,21,7.0
5,C.J. Henderson,39,8,29,0.0
6,William Jackson,39,3,34,0.0
7,Alim McNeill,39,24,11,2.0
8,Xavier Rhodes,39,7,29,0.0
9,Sheldon Richardson,39,15,18,2.5
10,Dalvin Tomlinson,39,22,11,2.5
11,DeShawn Williams,39,22,15,1.0
12,Markus Bailey,38,17,17,0.5
13,Henry Black,38,10,26,0.0
14,Jonathon Cooper,38,16,18,2.5
15,Samson Ebukam,38,17,20,4.5
16,Joe Haden,38,12,20,0.0
17,Antonio Hamilton,38,7,29,0.0
18,Johnathan Hankins,38,23,14,0.0
19,Danielle Hunter,38,15,22,6.0
20,Matthew Ioannidis,38,22,14,2.5
21,DaQuan Jones,38,19,11,1.0
22,Sebastian Joseph-Day,38,15,16,3.0
23,Derrick Nnadi,38,17,19,3.0
24,Tre Norwood,38,6,26,0.0
0,Quincy Roche,38,15,15,2.5
1,Jaylon Smith,38,12,24,1.0
2,Preston Smith,38,13,22,9.0
3,Keith Taylor,38,7,29,0.0
4,Robert Alford,37,7,29,0.0
5,Dorance Armstrong,37,14,17,5.0
6,Cody Barton,37,14,18,0.0
7,Jadeveon Clowney,37,13,20,9.0
8,Chris Harris,37,7,28,0.0
9,Justin Jones,37,18,16,3.0
10,Greg Newsome II,37,4,30,0.0
11,Roy Robertson-Harris,37,16,17,3.0
12,Duke Shelley,37,7,29,0.0
13,Darrell Taylor,37,9,22,6.5
14,Oren Burks,36,12,20,0.5
15,Dante Fowler Jr.,36,15,16,4.5
16,William Gholston,36,15,18,4.5
17,Justin Madubuike,36,13,21,2.0
18,Osa Odighizuwa,36,15,15,2.0
19,Monty Rice,36,19,10,0.0
20,Dawuane Smoot,36,14,20,6.0
21,Justin Strnad,36,13,21,0.0
22,Fletcher Cox,35,10,17,3.5
23,Carlos Dunlap,35,11,19,8.5
24,John Franklin-Myers,35,18,14,6.0
0,Richie Grant,35,7,23,0.0
1,A.J. Klein,35,6,22,0.0
2,Dallin Leavitt,35,18,15,0.0
3,Blake Lynch,35,12,21,2.0
4,Bryan Mone,35,20,13,1.5
5,Levi Onwuzurike,35,20,11,1.0
6,Tavon Young,35,5,29,2.0
7,Mykal Walker,35,18,14,0.0
8,Brandon Williams,35,20,12,0.0
9,Julian Blackmon,34,7,27,0.0
10,Morgan Fox,34,18,14,1.5
11,Trey Hendrickson,34,13,21,14.0
12,Justin Houston,34,15,16,4.5
13,Chris Jackson,34,5,25,0.0
14,Jerry Jacobs,34,4,27,0.0
15,David Onyemata,34,22,10,2.0
16,Shamar Stephen,34,22,10,0.0
17,Solomon Thomas,34,17,15,3.5
18,Jonathan Greenard,33,10,21,8.0
19,Kerry Hyder,33,13,16,1.5
20,Malik McDowell,33,14,15,3.0
21,Adetokunbo Ogundeji,33,15,17,1.0
22,Odafe Oweh,33,10,18,5.0
23,Mike Purcell,33,16,13,0.0
24,Vita Vea,33,11,20,4.0
0,Chauncey Golston,32,18,12,1.0
1,Vernon Hargreaves III,32,11,18,0.0
2,Talanoa Hufanga,32,8,20,0.0
3,A.J. Johnson,32,12,18,2.0
4,Kwity Paye,32,16,12,4.0
5,Sheldon Rankins,32,18,12,3.0
6,Jihad Ward,32,22,10,2.0
7,Carlos Watkins,32,15,14,1.0
8,Denico Autry,31,6,24,9.0
9,Austin Bryant,31,10,18,4.5
10,K'Lavon Chaisson,31,11,18,1.0
11,Dre'Mont Jones,31,13,17,5.5
12,Tyler Lancaster,31,16,10,0.0
13,Kenneth Murray,31,14,14,0.0
14,Del'Shawn Phillips,31,20,11,1.0
15,Jason Pierre-Paul,31,11,19,2.5
16,Danny Shelton,31,19,11,0.5
17,E.J. Speed,31,8,20,0.0
18,Chandon Sullivan,31,6,21,0.0
19,DeMarcus Walker,31,10,17,2.0
20,Rock Ya-Sin,31,4,25,0.0
21,Joe Bachie,30,12,16,0.0
22,Zack Baun,30,8,22,0.0
23,Jamie Collins,30,12,15,1.0
24,Tyeler Davison,30,20,8,0.0
0,Dontae Johnson,30,10,18,0.0
1,Roy Lopez,30,10,18,1.0
2,James Lynch,30,12,15,1.0
3,Benson Mayowa,30,15,10,1.0
4,Shaquille Quarterman,30,14,14,0.0
5,Bravvion Roy,30,17,6,0.0
6,James Smith-Williams,30,19,9,2.5
7,Milton Williams,30,15,13,2.0
8,Mario Addison,29,9,17,7.0
9,Bryce Callahan,29,4,24,1.0
10,Chris Claybrooks,29,12,16,0.0
11,Maliek Collins,29,11,15,2.5
12,Donte' Deayon,29,5,20,0.0
13,Demetrius Flannigan-Fowles,29,16,12,0.0
14,Darnay Holmes,29,8,18,0.0
15,Naquan Jones,29,11,12,2.5
16,Kevin King,29,8,21,0.0
17,Nevin Lawson,29,8,17,0.0
18,Benardrick McKinney,29,12,11,0.0
19,Jabrill Peppers,29,10,19,1.0
20,Jeremy Reaves,29,9,17,0.0
21,Joe Tryon-Shoyinka,29,8,18,4.0
22,Tershawn Wharton,29,16,12,2.0
23,Donovan Wilson,29,12,17,0.0
24,A.J. Bouye,28,5,21,0.0
0,Camryn Bynum,28,8,20,1.0
1,Raekwon Davis,28,16,10,0.5
2,Akeem Davis-Gaither,28,7,19,0.0
3,Pierre Desir,28,2,24,0.0
4,Yetur Gross-Matos,28,10,15,3.5
5,David Mayo,28,8,19,0.0
6,Yannick Ngakoue,28,11,14,10.0
7,Nathan Shepherd,28,11,12,0.0
8,Caden Sterns,28,6,22,2.0
9,Josh Woods,28,7,17,0.0
10,Ronald Blair,27,15,7,1.0
11,Justin Coleman,27,7,19,0.0
12,Michael Dogbe,27,13,12,1.0
13,Adam Gotsis,27,7,19,3.0
14,Darren Hall,27,6,21,1.0
15,Clay Johnston,27,14,12,0.0
16,Chris Jones,27,9,17,9.0
17,Julian Okwara,27,9,15,5.0
18,Darius Philon,27,8,16,2.0
19,Kentavius Street,27,12,14,3.0
20,Ndamukong Suh,27,12,14,6.0
21,Daniel Thomas,27,10,14,0.0
22,Casey Toohill,27,11,12,1.0
23,Nick Williams,27,13,11,0.5
24,Kris Boyd,26,5,19,0.0
0,Andre Cisco,26,7,18,0.0
1,Michael Danna,26,15,10,3.0
2,Jordan Elliott,26,16,7,0.5
3,Amen Ogbongbemiga,26,9,14,1.0
4,Duke Riley,26,11,11,0.0
5,Christian Ringo,26,14,11,0.0
6,Aaron Robinson,26,10,14,0.0
7,Benjamin St-Juste,26,6,20,0.0
8,Chase Young,26,11,10,1.5
9,Zaven Collins,25,12,11,0.0
10,Jarrad Davis,25,7,15,0.0
11,Carl Granderson,25,14,10,3.0
12,Malik Harrison,25,11,13,0.0
13,Akiem Hicks,25,6,17,3.5
14,Melvin Ingram,25,13,7,2.0
15,Malik Jackson,25,18,6,0.5
16,Kevon Seymour,25,8,15,1.0
17,Andrew Adams,24,8,15,0.0
18,Trey Flowers,24,9,12,1.5
19,Sam Franklin,24,5,13,0.0
20,Jaylinn Hawkins,24,11,12,0.0
21,Christian Jones,24,11,10,0.0
22,Devon Kennard,24,9,12,0.0
23,Corey Peters,24,14,8,0.0
24,Montez Sweat,24,11,12,5.0
0,Khyiris Tonga,24,14,10,0.0
1,Shaun Bradley,23,8,14,0.0
2,Artie Burns,23,4,17,0.0
3,Juston Burris,23,6,16,0.0
4,T.J. Carrie,23,2,18,0.0
5,DeShon Elliott,23,4,18,1.0
6,Dennis Gardeck,23,9,14,0.0
7,Jaleel Johnson,23,12,9,0.0
8,Kingsley Keke,23,13,7,2.5
9,Shaq Lawson,23,8,11,1.0
10,Isaiahh Loudermilk,23,7,12,1.0
11,Jake Martin,23,12,7,4.0
12,Blake Martinez,23,12,11,0.0
13,Siran Neal,23,7,14,0.0
14,Alex Okafor,23,16,7,1.5
15,Bradley Roby,23,4,19,1.0
16,Tedarrell Slaton,23,9,12,1.0
17,Ambry Thomas,23,6,16,0.0
18,Garret Wallow,23,8,12,1.0
19,Stephen Weatherly,23,9,13,2.5
20,Shawn Williams,23,10,10,0.0
21,Ross Blacklock,22,8,10,2.0
22,Jon Bostic,22,10,11,0.0
23,Frank Clark,22,7,13,4.5
24,Eddie Goldman,22,8,11,0.5
0,J.T. Gray,22,4,17,0.0
1,Justin Hollins,22,8,10,2.0
2,Arden Key,22,11,10,6.5
3,Terrell Lewis,22,7,13,3.0
4,C.J. Moore,22,9,11,0.0
5,Anthony Nelson,22,9,12,5.0
6,Nick Niemann,22,7,14,0.0
7,Jordan Phillips,22,8,12,3.0
8,Alton Robinson,22,9,6,1.0
9,Avery Williams,22,11,8,0.0
10,Ola Adeniyi,21,7,11,2.5
11,Terrence Brooks,21,6,12,0.0
12,Jonathan Bullard,21,13,7,0.0
13,Bradley Chubb,21,12,9,0.0
14,Marlon Davidson,21,9,11,1.0
15,Sheldon Day,21,14,6,1.0
16,A.J. Green,21,6,13,0.0
17,Dre Greenlaw,21,11,9,0.0
18,Travin Howard,21,6,12,0.0
19,Danny Johnson,21,6,15,0.0
20,Nick Kwiatkoski,21,8,12,0.0
21,Demarcus Lawrence,21,5,14,3.0
22,Jason McCourty,21,11,10,0.0
23,Carl Nassib,21,5,13,1.5
24,Mike Pennel,21,12,9,0.0
0,Tremon Smith,21,5,14,0.0
1,Geno Stone,21,6,14,0.0
2,Joejuan Williams,21,6,14,0.0
3,Troy Dye,20,8,10,0.0
4,Marquis Haynes,20,11,8,3.0
5,Jordan Jenkins,20,11,8,2.5
6,Jonathan Jones,20,5,15,0.0
7,Trayvon Mullen,20,3,16,0.0
8,Michael Pierce,20,8,11,3.0
9,Hassan Ridgeway,20,10,8,2.0
10,Carl Davis,19,7,5,1.0
11,Leki Fotu,19,11,6,0.0
12,Jonathan Garvin,19,4,14,1.5
13,Randy Gregory,19,4,15,6.0
14,Micah Kiser,19,10,7,0.0
15,Khalil Mack,19,4,15,6.0
16,Trey Marshall,19,13,5,0.0
17,Tyler Matakevich,19,7,10,0.0
18,Amik Robertson,19,5,11,0.0
19,Chris Rumph II,19,11,6,1.0
20,Anthony Rush,19,9,9,0.0
21,Brennan Scarlett,19,13,3,0.0
22,Danny Trevathan,19,11,6,0.0
23,Armani Watts,19,8,10,0.0
24,Boogie Basham,18,7,7,2.5
0,Taco Charlton,18,11,7,0.5
1,Justin Ellis,18,11,7,0.0
2,Jerry Hughes,18,10,7,2.0
3,Tarron Jackson,18,7,11,1.0
4,Tony Jefferson,18,9,8,1.0
5,Tanoh Kpassagnon,18,4,13,4.0
6,Takk McKinley,18,8,9,2.5
7,Jonathan Owens,18,8,9,0.0
8,Anthony Pittman,18,9,7,0.0
9,Bobby Price,18,6,11,0.0
10,Chapelle Russell,18,8,9,0.0
11,Jimmy Smith,18,3,14,0.0
12,Roderic Teamer,18,5,9,0.0
13,Michael Thomas,18,9,7,0.0
14,Derrek Tuszka,18,9,8,2.0
15,Kenny Willekes,18,7,9,2.5
16,Jarren Williams,18,4,13,0.0
17,Isaiah Buggs,17,12,4,0.0
18,Adam Butler,17,8,7,2.0
19,Dee Delaney,17,4,13,0.0
20,Ashton Dulin,17,5,11,0.0
21,Bud Dupree,17,4,10,3.0
22,Kaden Elliss,17,8,8,1.0
23,Kyler Fackrell,17,6,10,3.0
24,Kevin Givens,17,10,6,0.0
0,Tre Herndon,17,5,10,0.0
1,Patrick Johnson,17,6,9,0.0
2,Deommodore Lenoir,17,5,11,0.0
3,Star Lotulelei,17,6,10,3.0
4,Whitney Mercilus,17,8,8,4.0
5,Rakeem Nunez-Roches,17,12,5,0.0
6,Charles Omenihu,17,3,13,0.0
7,Jacob Phillips,17,4,6,1.0
8,Kenny Robinson,17,5,10,0.0
9,Isaac Rochell,17,7,8,0.0
10,Buster Skrine,17,6,10,0.0
11,Desmond Trufant,17,3,14,0.0
12,Chris Westry,17,0,16,0.0
13,Deandre Baker,16,3,13,0.0
14,Adrian Colbert,16,6,9,0.0
15,Dylan Cole,16,6,8,0.0
16,Sam Eguavoen,16,7,7,0.5
17,Matthias Farley,16,4,9,0.0
18,Stephon Gilmore,16,1,12,0.0
19,Albert Huggins,16,13,3,0.0
20,Joe Jackson,16,7,5,1.5
21,John Jenkins,16,6,7,0.0
22,Josh Jones,16,6,6,0.0
23,Kelvin Joseph,16,3,13,0.0
24,Justin Layne,16,4,12,0.0
0,Zech McPhearson,16,9,7,0.0
1,Rashaan Melvin,16,4,12,0.0
2,Henry Mondeaux,16,10,6,2.0
3,Jason Pinnock,16,6,10,0.0
4,Taylor Stallworth,16,5,10,3.0
5,Teair Tart,16,6,8,0.0
6,Tommy Togiai,16,7,7,0.5
7,Broderick Washington,16,8,6,1.0
8,J.J. Watt,16,6,6,1.0
9,Jarrod Wilson,16,5,8,1.0
10,Montravius Adams,15,8,7,0.0
11,Jahleel Addae,15,5,9,0.0
12,Ricardo Allen,15,4,8,0.0
13,Nick Bellore,15,6,9,0.0
14,Taven Bryan,15,5,9,2.0
15,Andre Chachere,15,2,12,0.0
16,Xavier Crawford,15,4,10,0.0
17,Cody Davis,15,6,6,0.0
18,Tyrel Dodson,15,5,7,0.0
19,Andrew Dowell,15,6,7,0.0
20,Nick Dzubnar,15,9,5,0.0
21,Ulysees Gilbert,15,4,8,0.0
22,Ta'Quon Graham,15,7,7,0.0
23,Everson Griffen,15,5,9,5.0
24,Elijah Lee,15,4,8,0.0
0,Jessie Lemonier,15,7,8,1.5
1,Ifeatu Melifonwu,15,3,10,0.0
2,Robert Nkemdiche,15,8,4,0.0
3,Obo Okoronkwo,15,6,7,2.0
4,Kyle Phillips,15,9,5,1.0
5,Wyatt Ray,15,10,3,1.0
6,Jamien Sherwood,15,7,8,0.0
7,Grant Stuard,15,7,8,0.0
8,K'Von Wallace,15,3,10,0.0
9,Jordan Willis,15,9,6,3.0
10,Ahkello Witherspoon,15,1,12,0.0
11,A.J. Epenesa,14,6,8,1.5
12,Clelin Ferrell,14,6,8,1.5
13,Jalyn Holmes,14,7,5,0.0
14,Bryce Huff,14,9,4,2.0
15,Margus Hunt,14,8,5,0.0
16,Jaquan Johnson,14,6,5,0.0
17,Tyquan Lewis,14,4,6,2.5
18,Pernell McPhee,14,3,9,1.0
19,Sharrod Neasman,14,2,9,0.0
20,John Penisini,14,10,4,0.0
21,Robert Rochell,14,3,10,0.0
22,Cameron Sample,14,5,5,1.5
23,Julian Stanford,14,6,8,0.0
24,Jahlani Tavai,14,8,3,0.0
0,Derek Watt,14,4,9,0.0
1,Jaire Alexander,13,4,9,0.0
2,Marcus Allen,13,7,5,0.0
3,Brandon Bolden,13,2,10,0.0
4,Keion Crossen,13,5,7,1.0
5,Breiden Fehoko,13,8,4,0.0
6,Neville Gallimore,13,8,4,1.5
7,Joe Gaziano,13,5,6,0.0
8,Thomas Graham Jr.,13,7,6,0.0
9,T.J. Green,13,5,8,0.0
10,Miles Killebrew,13,4,7,0.0
11,Josh Metellus,13,5,8,0.0
12,Ifeadi Odenigbo,13,6,3,0.0
13,J.R. Reed,13,8,5,0.0
14,Tim Settle,13,6,7,0.0
15,Joe Thomas,13,4,6,0.0
16,Kristian Welch,13,10,3,0.0
17,Oshane Ximines,13,9,3,0.0
18,Eli Ankou,12,7,3,1.0
19,Justin Bethel,12,3,7,0.0
20,K.J. Britt,12,5,6,0.0
21,Josiah Bronson,12,4,5,0.0
22,Marqui Christian,12,5,4,0.0
23,Jalen Elliott,12,5,7,0.0
24,Tipa Galeai,12,5,6,1.0
0,Justin Hardee,12,7,4,0.0
1,Jeff Heath,12,2,10,1.0
2,Anthony Levine,12,3,8,0.0
3,Keisean Nixon,12,5,6,0.0
4,Efe Obada,12,4,7,3.5
5,John Reid,12,5,6,0.0
6,Darryl Roberts,12,6,6,0.0
7,Josiah Scott,12,4,7,1.0
8,Josh Tupou,12,9,2,0.0
9,Payton Turner,12,3,8,1.0
10,Josh Uche,12,2,10,3.0
11,Tim Ward,12,7,5,0.0
12,Trae Waynes,12,1,10,0.0
13,Vernon Butler,11,5,3,0.0
14,Luke Gifford,11,3,6,0.0
15,Cam Gill,11,4,7,1.5
16,Penny Hart,11,5,6,0.0
17,Trysten Hill,11,4,7,0.5
18,Mack Hollins,11,2,8,0.0
19,Travis Homer,11,5,6,0.0
20,Marcus Kemp,11,2,9,0.0
21,Rashard Lawrence,11,5,6,0.0
22,Marquel Lee,11,5,5,0.0
23,Lerentee McCray,11,4,5,0.0
24,Steve McLendon,11,4,6,0.5
0,Stanley Morgan,11,3,8,0.0
1,Michael Ojemudia,11,3,8,0.0
2,Isaiah Oliver,11,4,7,0.0
3,Derick Roberson,11,5,4,1.5
4,Richard Sherman,11,0,11,0.0
5,Matthew Slater,11,8,3,0.0
6,Tanner Vallejo,11,4,5,0.5
7,Joe Walker,11,5,4,0.0
8,Chase Winovich,11,5,5,0.0
9,Matthew Adams,10,2,7,0.0
10,Blessuan Austin,10,2,6,0.0
11,Quinton Bohanna,10,7,3,0.0
12,Tre Brown,10,1,8,0.0
13,Terrell Burgess,10,6,4,0.0
14,Marquise Copeland,10,6,4,0.0
15,DeeJay Dallas,10,4,5,0.0
16,Deshazor Everett,10,5,5,0.0
17,C.J. Goodwin,10,3,7,0.0
18,Justin Hamilton,10,4,5,0.0
19,Jonathan Harris,10,3,5,0.0
20,Jamir Jones,10,3,6,0.0
21,Sam Kamara,10,3,7,0.0
22,Brandon King,10,6,3,0.0
23,Greg Mabin,10,1,7,0.0
24,Ty Montgomery,10,3,7,0.0
0,Hamsah Nasirildeen,10,7,3,0.0
1,Kyle Peko,10,3,6,2.0
2,Kevin Pierre-Louis,10,2,8,0.0
3,Jon Rhattigan,10,0,8,0.0
4,Malcolm Roach,10,6,4,0.0
5,Bunmi Rotimi,10,5,4,1.0
6,Andre Smith,10,6,3,0.0
7,Tavon Wilson,10,4,6,0.0
8,Daniel Wise,10,5,5,0.0
9,Isaac Yiadom,10,1,9,0.0
10,Dakota Allen,9,5,3,0.0
11,Marquise Blair,9,4,5,0.0
12,Cameron Brown,9,3,4,0.0
13,Trenton Cannon,9,1,7,0.0
14,Porter Gustin,9,3,4,0.0
15,Nate Hairston,9,3,4,0.0
16,Davontae Harris,9,3,5,0.0
17,Demetrius Harris,9,2,4,0.0
18,Khaleke Hudson,9,5,4,0.0
19,Khalid Kareem,9,4,4,0.0
20,Jovante Moffatt,9,4,4,0.0
21,A.J. Moore,9,2,7,0.0
22,Daviyon Nixon,9,8,1,0.5
23,Will Parks,9,2,7,0.0
24,Elijhaa Penny,9,6,2,0.0
0,Derek Rivers,9,2,6,1.0
1,Keith Smith,9,3,6,0.0
2,Damion Square,9,6,1,0.5
3,Ty Summers,9,1,7,0.0
4,Jacob Tuioti-Mariner,9,4,5,2.0
5,Kemoko Turay,9,3,6,5.5
6,Tylan Wallace,9,5,4,0.0
7,Nahshon Wright,9,2,7,0.0
8,Dicaprio Bootle,8,2,6,0.0
9,Breon Borders,8,1,7,0.0
10,Gary Brightwell,8,6,2,0.0
11,Cethan Carter,8,4,4,0.0
12,L.J. Collier,8,5,1,0.0
13,Isaiah Dunn,8,1,7,0.0
14,Mario Edwards,8,6,2,2.0
15,Tyree Gillespie,8,7,1,0.0
16,Shemar Jean-Charles,8,3,5,0.0
17,Josey Jewell,8,1,7,0.0
18,Caleb Johnson,8,4,4,0.0
19,Javon Kinlaw,8,7,1,0.0
20,Larrell Murchison,8,4,4,0.0
21,Aaron Patrick,8,4,2,0.0
22,Kevin Peterson,8,2,5,0.0
23,Darius Phillips,8,2,6,0.0
24,Sheldrick Redwine,8,3,5,0.0
0,Khalen Saunders,8,6,1,0.0
1,Ben Skowronek,8,2,6,0.0
2,Chris Smith,8,4,3,1.5
3,Elerson G. Smith,8,6,2,0.0
4,Teez Tabor,8,2,6,0.0
5,Deionte Thompson,8,3,4,0.0
6,Shaka Toney,8,6,2,1.5
7,James Vaughters,8,4,3,1.0
8,Justin Zimmer,8,6,1,1.0
9,Mark Andrews,7,1,6,0.0
10,Chris Banjo,7,3,3,0.0
11,Jason Cabinda,7,1,6,0.0
12,Jalen Davis,7,5,2,0.0
13,Clayton Fejedelem,7,2,5,0.0
14,Darrick Forrest,7,3,4,0.0
15,Kemon Hall,7,3,4,0.0
16,Josh Harris,7,4,3,0.0
17,Trent Harris,7,4,3,0.0
18,Mike Hoecht,7,1,4,0.0
19,Godwin Igwebuike,7,3,4,0.0
20,Bruce Irvin,7,5,2,0.0
21,Justin Jackson,7,1,6,0.0
22,Chris Jones,7,2,4,0.0
23,Patrick Jones II,7,3,4,0.0
24,Dre Kirkpatrick,7,1,6,0.0
0,Cam Lewis,7,4,3,0.0
1,Dorian O'Daniel,7,3,4,0.0
2,Dare Ogunbowale,7,1,4,0.0
3,Gunner Olszewski,7,4,3,0.0
4,Giovanni Ricci,7,2,5,0.0
5,Benny Snell,7,4,3,0.0
6,Equanimeous St. Brown,7,2,4,0.0
7,Stantley Thomas-Oliver,7,4,2,0.0
8,Dwayne Washington,7,1,6,0.0
9,Charlie Woerner,7,1,6,0.0
10,Daryl Worley,7,2,5,0.0
11,Brandon Zylstra,7,3,4,0.0
12,Stephen Anderson,6,1,4,0.0
13,Troy Apke,6,1,4,0.0
14,Daren Bates,6,2,4,0.0
15,Brady Breeze,6,1,5,0.0
16,Austin Calitro,6,2,4,0.0
17,Maurice Canady,6,2,3,0.0
18,Anthony Chesley,6,0,6,0.0
19,Carter Coughlin,6,4,2,0.0
20,Darrell Daniels,6,3,3,0.0
21,Jaylon Ferguson,6,3,2,0.0
22,Mike Ford,6,0,5,0.0
23,Jordan Glasgow,6,2,2,0.0
24,Noah Igbinoghene,6,0,6,0.0
0,Joe Jones,6,4,2,0.0
1,Taiwan Jones,6,2,2,0.0
2,Zach Kerr,6,4,2,0.0
3,Chris Lammons,6,3,3,0.0
4,P.J. Locke,6,1,4,0.0
5,Cassius Marsh,6,2,3,1.0
6,Jared Mayden,6,2,4,0.0
7,D.J. Moore,6,1,5,0.0
8,Dayo Odeyingbo,6,1,3,0.5
9,Romeo Okwara,6,3,3,1.0
10,Steven Parker,6,2,3,0.0
11,Samaje Perine,6,0,6,0.0
12,Curtis Robinson,6,3,3,0.0
13,John Simon,6,2,3,0.0
14,Cam Sims,6,2,4,0.0
15,Tye Smith,6,1,5,0.0
16,Noah Spence,6,2,3,0.0
17,Kevin Strong,6,2,4,0.0
18,Nsimba Webster,6,1,2,0.0
19,Damien Williams,6,2,4,0.0
20,Brandon Wilson,6,3,3,0.0
21,Myles Adams,5,5,0,0.0
22,Tyson Alualu,5,3,2,0.0
23,J.J. Arcega-Whiteside,5,1,4,0.0
24,Will Bradley-King,5,5,0,0.5
0,Michael Burton,5,3,1,0.0
1,Mike Daniels,5,0,4,0.0
2,Carlos Davis,5,2,1,0.0
3,Tyler Davis,5,1,4,0.0
4,Michael Dwumfour,5,2,2,0.5
5,Daniel Ekuale,5,1,4,2.0
6,Corn Elder,5,0,3,0.0
7,Jordan Evans,5,2,3,0.0
8,Sharif Finch,5,5,0,0.0
9,Dee Ford,5,2,3,3.0
10,Harrison Hand,5,0,5,0.0
11,JaMycal Hasty,5,0,5,0.0
12,Bruce Hector,5,2,0,0.0
13,KhaDarel Hodge,5,0,4,0.0
14,Jaycee Horn,5,2,3,0.0
15,JuJu Hughes,5,1,4,0.0
16,Jake Kumerow,5,0,4,0.0
17,Bradley McDougald,5,2,3,0.0
18,Racey McMath,5,4,1,0.0
19,Herb Miller,5,1,4,0.0
20,Darnell Mooney,5,0,5,0.0
21,Chris Moore,5,3,2,0.0
22,Elijah Moore,5,0,5,0.0
23,Tony Pollard,5,1,4,0.0
24,Ryan Smith,5,1,4,0.0
0,Eric Tomlinson,5,0,4,0.0
1,Marlon Tuipulotu,5,4,1,0.0
2,Jason Verrett,5,2,3,0.0
3,Jonathan Ward,5,2,3,0.0
4,Jonah Williams,5,4,0,0.0
5,Chris Williamson,5,1,4,0.0
6,Antwaun Woods,5,3,2,0.0
7,Olamide Zaccheaus,5,1,3,0.0
8,,5,0,5,0.0
9,Tyrell Adams,4,0,4,0.0
10,McTelvin Agim,4,2,2,1.5
11,Alex Armah,4,2,2,0.0
12,Damon Arnette,4,2,2,0.0
13,Francis Bernard,4,3,1,0.0
14,Christian Blake,4,0,4,0.0
15,Jacob Bobenmoyer,4,2,1,0.0
16,Tashawn Bower,4,2,2,1.0
17,A.J. Brown,4,0,4,0.0
18,Corey Clement,4,0,4,0.0
19,Tyrie Cleveland,4,1,3,0.0
20,Andrew DePaola,4,2,2,0.0
21,Chris Evans,4,0,4,0.0
22,Caleb Farley,4,0,4,0.0
23,Demetric Felton,4,2,2,0.0
24,Tony Fields II,4,2,2,0.0
0,Cullen Gillaspia,4,2,2,0.0
1,Ryan Griffin,4,1,3,0.0
2,De'Jon Harris,4,0,3,1.0
3,Trayvon Henderson,4,2,0,0.0
4,J.P. Holtz,4,2,1,0.0
5,Phil Hoskins,4,1,3,1.0
6,Braxton Hoyett,4,2,2,0.0
7,Alec Ingold,4,2,2,0.0
8,Joel Iyiegbuniwe,4,0,4,0.0
9,Josh Jackson,4,3,1,0.0
10,Raymond Johnson III,4,1,2,1.0
11,Zay Jones,4,1,3,0.0
12,Jordan Kunaszyk,4,1,3,0.0
13,Kahlil McKenzie,4,3,1,0.0
14,Terry McLaurin,4,0,4,0.0
15,Forrest Merrill,4,2,2,0.0
16,Andre Mintze,4,2,1,0.0
17,Nick Moore,4,0,3,0.0
18,Foster Moreau,4,1,3,0.0
19,Tanner Muse,4,2,2,0.0
20,Jason Myers,4,1,3,0.0
21,Kai Nacua,4,1,3,0.0
22,Pat O'Connor,4,2,2,0.5
23,Jeff Okudah,4,1,3,0.0
24,Josh Oliver,4,2,2,0.0
0,Kareem Orr,4,1,3,0.0
1,Nickell Robey-Coleman,4,1,1,0.0
2,Rashard Robinson,4,1,3,0.0
3,Patrick Scales,4,2,1,0.0
4,Kendall Sheffield,4,2,2,0.0
5,Tyler Shelvin,4,3,1,0.0
6,Trent Sherfield,4,0,4,0.0
7,Zeke Turner,4,1,3,0.0
8,Jaylen Waddle,4,0,4,0.0
9,Trevon Wesco,4,1,3,0.0
10,Cody White,4,2,2,0.0
11,Kevin White,4,3,1,0.0
12,Chris Williams,4,2,2,0.0
13,,4,0,4,0.0
14,Mo Alie-Cox,3,1,2,0.0
15,Henry Anderson,3,0,3,0.0
16,Rashod Berry,3,1,2,0.0
17,Curtis Bolton,3,1,2,0.0
18,Devontae Booker,3,0,3,0.0
19,Ja'Marcus Bradley,3,1,2,0.0
20,Antoine Brooks Jr.,3,1,2,0.0
21,Daniel Brunskill,3,0,3,0.0
22,Harrison Bryant,3,2,1,0.0
23,Derek Carrier,3,0,2,0.0
24,Blake Cashman,3,0,3,0.0
0,Ja'Marr Chase,3,1,2,0.0
1,Dan Chisena,3,1,2,0.0
2,Ryan Connelly,3,1,2,0.0
3,Austin Corbett,3,0,3,0.0
4,Nathan Cottrell,3,1,2,0.0
5,River Cracraft,3,1,2,0.0
6,Ken Crawley,3,0,3,0.0
7,Dominique Dafney,3,1,1,0.0
8,Darqueze Dennard,3,1,1,0.0
9,Stefon Diggs,3,0,3,0.0
10,Victor Dimukeje,3,3,0,0.0
11,Myles Dorn,3,2,1,0.0
12,Christian Elliss,3,1,2,0.0
13,Blake Ferguson,3,1,2,0.0
14,Mark Gilbert,3,1,2,0.0
15,Jamie Gillan,3,1,2,0.0
16,Reggie Gilliam,3,2,1,0.0
17,Ladarius Hamilton,3,1,2,0.0
18,Najee Harris,3,0,3,0.0
19,Khalil Herbert,3,2,1,0.0
20,Tee Higgins,3,0,3,0.0
21,Dontrell Hilliard,3,1,2,0.0
22,Dustin Hopkins,3,2,1,0.0
23,Robert Jackson,3,2,1,0.0
24,Ty Johnson,3,1,2,0.0
0,Keandre Jones,3,2,1,0.0
1,Kyle Juszczyk,3,2,1,0.0
2,Azur Kamara,3,1,2,0.0
3,Ryan Kerrigan,3,0,2,0.0
4,Younghoe Koo,3,1,2,0.0
5,Malcolm Koonce,3,1,2,2.0
6,Tyler Kroft,3,0,3,0.0
7,Harvey Langi,3,2,0,0.0
8,Richard LeCounte III,3,1,2,0.0
9,Isaiah Mack,3,2,1,1.0
10,Ledarius Mack,3,2,1,0.0
11,Cameron Malveaux,3,3,0,0.0
12,Josh Mauro,3,2,1,1.0
13,Mac McCain III,3,2,0,0.0
14,Connor McGovern,3,0,3,0.0
15,Jerick McKinnon,3,0,3,0.0
16,David Moa,3,2,1,0.0
17,Calvin Munson,3,1,1,0.0
18,Jared Norris,3,1,1,0.0
19,Brandon Parker,3,1,2,0.0
20,Kyle Pitts,3,0,3,0.0
21,Kevin Rader,3,1,2,0.0
22,Jalen Reagor,3,0,3,0.0
23,James Robinson,3,1,2,0.0
24,Amari Rodgers,3,0,3,0.0
0,D'Angelo Ross,3,1,2,0.0
1,Christian Rozeboom,3,0,3,0.0
2,Rigoberto Sanchez,3,1,2,0.0
3,Sterling Shepard,3,0,3,0.0
4,Darius Slayton,3,0,3,0.0
5,T.J. Smith,3,2,1,0.0
6,Tre'Quan Smith,3,0,3,0.0
7,JaCoby Stevens,3,2,1,0.0
8,Connor Strachan,3,3,0,0.0
9,Geoff Swaim,3,1,2,0.0
10,Ryan Tannehill,3,1,2,0.0
11,Andrew Thomas,3,0,3,0.0
12,Mike Thomas,3,1,2,0.0
13,Darian Thompson,3,0,3,0.0
14,Tommy Tremble,3,1,2,0.0
15,Zach Triner,3,0,2,0.0
16,Brent Urban,3,3,0,0.0
17,Dee Virgin,3,1,2,0.0
18,Charles Washington,3,0,3,0.0
19,Quez Watkins,3,2,1,0.0
20,Mark Webb,3,0,3,0.0
21,Nick Westbrook-Ikhine,3,2,1,0.0
22,Jace Whittaker,3,1,2,0.0
23,Mitchell Wilcox,3,2,1,0.0
24,Rachad Wildgoose,3,2,1,0.0
0,Darrel Williams,3,0,3,0.0
1,Marvin Wilson,3,2,1,0.0
2,Mitch Wishnowsky,3,0,3,0.0
3,Jabari Zuniga,3,2,1,1.0
4,Freedom Akinmoladun,2,0,1,0.0
5,Josh Allen,2,0,2,0.0
6,Keenan Allen,2,0,2,0.0
7,Bradlee Anae,2,0,2,0.0
8,Abdullah Anderson,2,1,1,0.0
9,Daniel Archibong,2,2,0,0.0
10,Jeremiah Attaochu,2,1,1,0.0
11,Tavon Austin,2,0,2,0.0
12,Ben Banogu,2,1,1,0.0
13,John Bates,2,0,1,0.0
14,Odell Beckham Jr.,2,0,2,0.0
15,Vince Biegel,2,1,1,0.0
16,Khari Blasingame,2,0,2,0.0
17,C.J. Board,2,2,0,0.0
18,Mike Boone,2,1,1,0.0
19,Bradley Bozeman,2,0,2,0.0
20,Matt Breida,2,1,1,0.0
21,Aaron Brewer,2,0,0,0.0
22,Daniel Brown,2,1,1,0.0
23,Dyami Brown,2,1,1,0.0
24,Noah Brown,2,2,0,0.0
0,Brandin Bryant,2,0,2,0.0
1,Rex Burkhead,2,0,2,0.0
2,Joe Burrow,2,0,2,0.0
3,Elijah Campbell,2,0,1,0.0
4,DeAndre Carter,2,0,2,0.0
5,Tory Carter,2,0,1,0.0
6,Ezra Cleveland,2,0,2,0.0
7,Keelan Cole,2,0,2,0.0
8,Tevin Coleman,2,1,1,0.0
9,John Cominsky,2,0,2,0.0
10,Logan Cooke,2,1,1,0.0
11,Pharoh Cooper,2,2,0,0.0
12,Jabril Cox,2,0,1,0.0
13,Tyler Coyle,2,1,0,0.0
14,Jake Curhan,2,0,2,0.0
15,Andy Dalton,2,1,1,0.0
16,Javaris Davis,2,0,2,0.0
17,Noah Dawkins,2,1,1,0.0
18,Nate Ebner,2,0,1,0.0
19,Chase Edmonds,2,1,1,0.0
20,Emeke Egbule,2,1,1,0.0
21,Ben Ellefson,2,2,0,0.0
22,Mike Evans,2,0,2,0.0
23,George Fant,2,0,2,0.0
24,Noah Fant,2,0,2,0.0
0,Austin Faoliu,2,0,2,0.0
1,Kylie Fitts,2,0,1,0.0
2,Royce Freeman,2,0,1,0.0
3,Jake Funk,2,1,1,0.0
4,Jake Gervase,2,1,1,0.0
5,Mike Gesicki,2,0,2,0.0
6,Joe Giles-Harris,2,1,1,0.0
7,Kenny Golladay,2,0,2,0.0
8,Tay Gowan,2,1,0,0.0
9,Brandon Graham,2,0,2,0.0
10,Noah Gray,2,2,0,0.0
11,Kendrick Green,2,0,2,0.0
12,Garrett Griffin,2,1,1,0.0
13,Woodrow Hamilton,2,2,0,0.0
14,Damar Hamlin,2,0,1,0.0
15,Da'Shawn Hand,2,1,1,0.0
16,Mecole Hardman,2,0,2,0.0
17,Deonte Harty,2,0,2,0.0
18,Tim Harris,2,1,1,0.0
19,Thomas Hennessy,2,2,0,0.0
20,Taysom Hill,2,1,1,0.0
21,Tyreek Hill,2,0,2,0.0
22,T.J. Hockenson,2,0,2,0.0
23,Jacob Hollister,2,1,1,0.0
24,Austin Hooper,2,0,2,0.0
0,Jesper Horsted,2,1,1,0.0
1,Buddy Howell,2,0,2,0.0
2,Adam Humphries,2,1,0,0.0
3,Maurice Hurst,2,0,0,0.0
4,Mark Ingram,2,0,2,0.0
5,Andy Isabella,2,1,1,0.0
6,Mike Jackson,2,1,1,0.0
7,Austin Jackson,2,1,1,0.0
8,DeSean Jackson,2,1,1,0.0
9,Jonah Jackson,2,0,2,0.0
10,Andy Janovich,2,0,2,0.0
11,Elgton Jenkins,2,0,2,0.0
12,Ryan Jensen,2,0,2,0.0
13,Buddy Johnson,2,0,2,0.0
14,Jakob Johnson,2,1,1,0.0
15,Tyron Johnson,2,0,2,0.0
16,Mac Jones,2,1,1,0.0
17,Julio Jones,2,0,2,0.0
18,Mike Jordan,2,0,2,0.0
19,Karl Joseph,2,1,1,0.0
20,George Kittle,2,0,2,0.0
21,Dawson Knox,2,0,2,0.0
22,Christian Kuntz,2,0,2,0.0
23,CeeDee Lamb,2,0,2,0.0
24,Trevor Lawrence,2,0,2,0.0
0,Allen Lazard,2,0,2,0.0
1,Brandon Linder,2,1,1,0.0
2,Rick Lovato,2,0,2,0.0
3,Jordan Mailata,2,2,0,0.0
4,Ali Marpet,2,1,1,0.0
5,Jonathan Marshall,2,1,1,0.0
6,Kamal Martin,2,0,2,0.0
7,Ross Matiscik,2,0,2,0.0
8,Ray-Ray McCloud,2,0,2,0.0
9,Isaiah McDuffie,2,2,0,0.0
10,Jakobi Meyers,2,0,2,0.0
11,Scott Miller,2,0,2,0.0
12,Jimmy Moreland,2,2,0,0.0
13,Gabe Nabers,2,1,1,0.0
14,Ryan Nall,2,0,2,0.0
15,Dazz Newsome,2,1,1,0.0
16,Lucas Niang,2,0,2,0.0
17,Hardy Nickerson,2,0,2,0.0
18,David Njoku,2,0,2,0.0
19,Mark Nzeocha,2,1,1,0.0
20,Qadree Ollison,2,1,1,0.0
21,K.J. Osborn,2,0,2,0.0
22,Matt Overton,2,0,2,0.0
23,Josh Palmer,2,0,2,0.0
24,DeVante Parker,2,0,2,0.0
0,Zach Pascal,2,0,1,0.0
1,Donovan Peoples-Jones,2,0,2,0.0
2,Michael Pittman,2,1,1,0.0
3,MyCole Pruitt,2,2,0,0.0
4,David Quessenberry,2,0,2,0.0
5,Riley Reiff,2,1,1,0.0
6,Hunter Renfrow,2,0,2,0.0
7,Sammis Reyes,2,2,0,0.0
8,Josh Reynolds,2,0,2,0.0
9,Jordan Richards,2,2,0,0.0
10,Chauncey Rivers,2,0,2,0.0
11,Allen Robinson,2,0,2,0.0
12,Richard Rodgers,2,0,2,0.0
13,Larry Rountree III,2,2,0,0.0
14,Drew Sample,2,1,1,0.0
15,Eric Saubert,2,0,2,0.0
16,Anthony Schwartz,2,0,2,0.0
17,Boston Scott,2,1,1,0.0
18,Trey Sermon,2,1,0,0.0
19,Laviska Shenault Jr.,2,0,2,0.0
20,Joey Slye,2,1,1,0.0
21,Kaden Smith,2,0,2,0.0
22,DeVonta Smith,2,0,2,0.0
23,Durham Smythe,2,1,1,0.0
24,Nate Solder,2,0,2,0.0
0,Jeremy Sprinkle,2,0,2,0.0
1,Luke Stocker,2,0,2,0.0
2,Jack Stoll,2,1,1,0.0
3,Malik Taylor,2,1,0,0.0
4,Vincent Taylor,2,1,1,0.0
5,Noah Togiai,2,1,1,0.0
6,Laquon Treadwell,2,1,1,0.0
7,Jay Tufele,2,1,1,0.0
8,Kary Vincent Jr.,2,0,2,0.0
9,Tress Way,2,0,2,0.0
10,Rashad Weaver,2,2,0,0.0
11,Jon Weeks,2,1,1,0.0
12,Trayveon Williams,2,1,1,0.0
13,Jonathan Williams,2,1,1,0.0
14,Raequan Williams,2,1,1,0.0
15,Jomal Wiltz,2,0,1,0.0
16,Brock Wright,2,1,1,0.0
17,Kevin Zeitler,2,2,0,0.0
18,Davante Adams,1,0,1,0.0
19,Nelson Agholor,1,0,1,0.0
20,Salvon Ahmed,1,0,1,0.0
21,Landen Akers,1,1,0,0.0
22,Jordan Akins,1,0,1,0.0
23,Danny Amendola,1,0,1,0.0
24,Robbie Anderson,1,0,1,0.0
0,Zayne Anderson,1,0,1,0.0
1,Terron Armstead,1,0,1,0.0
2,Grayland Arnold,1,1,0,0.0
3,Antony Auclair,1,0,1,0.0
4,Alex Bachman,1,0,1,0.0
5,Kawaan Baker,1,0,1,0.0
6,Kalen Ballage,1,0,1,0.0
7,Eric Banks,1,1,0,0.0
8,Tyler Bass,1,0,1,0.0
9,Essang Bassey,1,0,1,0.0
10,Sam Beal,1,0,1,0.0
11,Andrew Beck,1,0,1,0.0
12,Eno Benjamin,1,1,0,0.0
13,Travis Benjamin,1,0,1,0.0
14,Trinity Benson,1,0,1,0.0
15,Giovani Bernard,1,0,1,0.0
16,Andrew Billings,1,1,0,0.0
17,Amani Bledsoe,1,0,1,0.0
18,Ike Boettger,1,0,1,0.0
19,Corey Bojorquez,1,0,1,0.0
20,Tyler Boyd,1,0,1,0.0
21,Garrett Bradbury,1,1,0,0.0
22,Cameron Brate,1,0,1,0.0
23,Justin Britt,1,0,1,0.0
24,Andrew Brown,1,0,0,0.0
0,Marquise Brown,1,0,1,0.0
1,Pharaoh Brown,1,0,1,0.0
2,Spencer Brown,1,0,1,0.0
3,Bobby Brown III,1,1,0,0.0
4,Yodny Cajuste,1,0,1,0.0
5,Joe Cardona,1,0,1,0.0
6,Michael Carter,1,1,0,0.0
7,Joseph Charlton,1,0,1,0.0
8,Brady Christensen,1,0,1,0.0
9,Geron Christian,1,0,1,0.0
10,Cole Christiansen,1,0,1,0.0
11,Nick Chubb,1,0,1,0.0
12,Matt Cole,1,1,0,0.0
13,A.J. Cole,1,0,1,0.0
14,La'el Collins,1,0,1,0.0
15,Nico Collins,1,0,1,0.0
16,Trystan Colon,1,0,1,0.0
17,Tom Compton,1,0,1,0.0
18,Will Compton,1,1,0,0.0
19,Jack Conklin,1,0,1,0.0
20,Chris Conley,1,1,0,0.0
21,James Conner,1,0,1,0.0
22,Jared Cook,1,0,1,0.0
23,Brandin Cooks,1,0,1,0.0
24,Doug Costin,1,0,0,0.0
0,Kirk Cousins,1,0,1,0.0
1,Morgan Cox,1,0,0,0.0
2,Mason Crosby,1,0,1,0.0
3,Jamison Crowder,1,0,1,0.0
4,Dennis Daley,1,1,0,0.0
5,Scott Daly,1,1,0,0.0
6,James Daniels,1,0,1,0.0
7,Frank Darby,1,1,0,0.0
8,Julie'n Davenport,1,0,1,0.0
9,Gabe Davis,1,0,1,0.0
10,Nate Davis,1,0,1,0.0
11,Mike Davis,1,0,1,0.0
12,Shawn Davis,1,1,0,0.0
13,Dion Dawkins,1,0,1,0.0
14,Josiah Deguara,1,0,1,0.0
15,AJ Dillon,1,0,1,0.0
16,Will Dissly,1,0,1,0.0
17,Riley Dixon,1,0,1,0.0
18,Phillip Dorsett,1,1,0,0.0
19,Greg Dortch,1,0,1,0.0
20,Ross Dwelley,1,0,1,0.0
21,Bryan Edwards,1,1,0,0.0
22,David Edwards,1,0,1,0.0
23,Pat Elflein,1,0,1,0.0
24,Emmanuel Ellerbee,1,0,1,0.0
0,Ezekiel Elliott,1,0,1,0.0
1,Evan Engram,1,0,1,0.0
2,Alex Erickson,1,0,1,0.0
3,Dorian Etheridge,1,1,0,0.0
4,Matt Feiler,1,0,1,0.0
5,Reid Ferguson,1,0,0,0.0
6,Anthony Firkser,1,0,1,0.0
7,Dez Fitzpatrick,1,0,1,0.0
8,Cody Ford,1,0,1,0.0
9,Isaiah Ford,1,0,1,0.0
10,Miller Forristall,1,1,0,0.0
11,Daurice Fountain,1,0,1,0.0
12,Leonard Fournette,1,1,0,0.0
13,Devonta Freeman,1,0,1,0.0
14,Pat Freiermuth,1,0,1,0.0
15,Maurice Ffrench,1,1,0,0.0
16,Russell Gage,1,0,1,0.0
17,Innis Gaines,1,1,0,0.0
18,Matt Gay,1,0,1,0.0
19,Zach Gentry,1,0,1,0.0
20,Antonio Gibson,1,0,1,0.0
21,Blake Gillikin,1,0,1,0.0
22,Graham Glasgow,1,1,0,0.0
23,Mike Glennon,1,0,1,0.0
24,Mark Glowinski,1,0,1,0.0
0,Chris Godwin,1,0,1,0.0
1,Zane Gonzalez,1,0,1,0.0
2,Marquise Goodwin,1,1,0,0.0
3,Derrick Gore,1,1,0,0.0
4,Jimmy Graham,1,0,1,0.0
5,Jakeem Grant,1,0,1,0.0
6,A.J. Green,1,0,1,0.0
7,Joe Haeg,1,0,1,0.0
8,Lirim Hajrullahu,1,0,1,0.0
9,C.J. Ham,1,1,0,0.0
10,Chase Hansen,1,1,0,0.0
11,Clark Harris,1,1,0,0.0
12,Darius Harris,1,0,1,0.0
13,Nick Harris,1,0,1,0.0
14,Willie Harvey,1,0,1,0.0
15,Pressley Harvin III,1,0,1,0.0
16,Rob Havenstein,1,0,1,0.0
17,Jack Heflin,1,1,0,0.0
18,Taylor Heinicke,1,0,1,0.0
19,Daniel Helm,1,0,1,0.0
20,Justin Herbert,1,0,1,0.0
21,Frank Herron,1,0,1,0.0
22,Gavin Heslop,1,0,1,0.0
23,Brian Hill,1,1,0,0.0
24,Kylin Hill,1,0,1,0.0
0,Kendall Hinton,1,0,1,0.0
1,Sterling Hofrichter,1,0,1,0.0
2,Chris Hogan,1,0,1,0.0
3,Jordan Howard,1,0,1,0.0
4,Chuba Hubbard,1,0,1,0.0
5,Rodney Hudson,1,0,1,0.0
6,Creed Humphrey,1,0,1,0.0
7,Lil'Jordan Humphrey,1,0,1,0.0
8,Hayden Hurst,1,0,1,0.0
9,Keith Ismael,1,1,0,0.0
10,Lamar Jackson,1,0,1,0.0
11,Josh Jacobs,1,0,1,0.0
12,Jesse James,1,0,1,0.0
13,J.J. Jansen,1,1,0,0.0
14,Blake Jarwin,1,0,1,0.0
15,Van Jefferson,1,0,1,0.0
16,Jauan Jennings,1,0,1,0.0
17,Josh Johnson,1,0,1,0.0
18,Darryl Johnson,1,1,0,0.0
19,Diontae Johnson,1,0,1,0.0
20,Collin Johnson,1,1,0,0.0
21,David Johnson,1,0,1,0.0
22,D'Ernest Johnson,1,1,0,0.0
23,Josh Johnson,1,0,1,0.0
24,Juwan Johnson,1,1,0,0.0
0,Marcus Johnson,1,0,0,0.0
1,Tyler Johnson,1,0,1,0.0
2,Marvin Jones,1,0,1,0.0
3,Brevin Jordan,1,1,0,0.0
4,Lamarcus Joyner,1,0,1,0.0
5,Alvin Kamara,1,0,1,0.0
6,Travis Kelce,1,0,1,0.0
7,Bopete Keyes,1,0,1,0.0
8,Cole Kmet,1,0,1,0.0
9,Cooper Kupp,1,0,1,0.0
10,Jarvis Landry,1,0,1,0.0
11,Justin Lawler,1,1,0,0.0
12,Alex Leatherwood,1,1,0,0.0
13,Chris Lindstrom,1,0,1,0.0
14,Corey Linsley,1,0,1,0.0
15,Drew Lock,1,0,1,0.0
16,Tyler Lockett,1,0,1,0.0
17,Cornelius Lucas,1,0,1,0.0
18,Patrick Mahomes,1,0,1,0.0
19,Greg Mancz,1,0,1,0.0
20,Wes Martin,1,0,1,0.0
21,Bobby Massie,1,1,0,0.0
22,Jake Matthews,1,0,1,0.0
23,Christian McCaffrey,1,0,1,0.0
24,Colt McCoy,1,0,1,0.0
0,KC McDermott,1,0,1,0.0
1,T.Y. McGill,1,1,0,0.0
2,Mike McGlinchey,1,0,1,0.0
3,Isaiah McKenzie,1,0,1,0.0
4,Sean McKeon,1,1,0,0.0
5,J.D. McKissic,1,0,1,0.0
6,Tre' McKitty,1,0,1,0.0
7,Brandon McManus,1,0,1,0.0
8,Jake McQuaide,1,1,0,0.0
9,Torry McTyer,1,0,1,0.0
10,Patrick Mekari,1,0,1,0.0
11,DK Metcalf,1,0,1,0.0
12,Sony Michel,1,0,1,0.0
13,Jaydon Mickens,1,0,1,0.0
14,Joe Mixon,1,1,0,0.0
15,David Montgomery,1,1,0,0.0
16,D.J. Montgomery,1,1,0,0.0
17,Rondale Moore,1,0,1,0.0
18,Zack Moss,1,0,1,0.0
19,Taylor Moton,1,1,0,0.0
20,Johnny Mundt,1,0,1,0.0
21,Justin Murray,1,0,1,0.0
22,Latavius Murray,1,1,0,0.0
23,Sam Mustipher,1,0,1,0.0
24,Josh Myers,1,0,1,0.0
0,Quenton Nelson,1,0,0,0.0
1,Parry Nickerson,1,0,1,0.0
2,Storm Norton,1,0,1,0.0
3,Pat O'Donnell,1,0,1,0.0
4,Brian O'Neill,1,0,0,0.0
5,Matthew Orzech,1,0,1,0.0
6,James O'Shaughnessy,1,0,1,0.0
7,Matt Paradis,1,1,0,0.0
8,Cordarrelle Patterson,1,1,0,0.0
9,Riley Patterson,1,0,1,0.0
10,Jason Peters,1,0,1,0.0
11,Dante Pettis,1,0,1,0.0
12,Benning Potoa'e,1,1,0,0.0
13,Adam Prentice,1,0,1,0.0
14,Dak Prescott,1,0,1,0.0
15,Billy Price,1,0,1,0.0
16,Byron Pringle,1,0,1,0.0
17,Justin Pugh,1,0,1,0.0
18,Dillon Radunz,1,0,1,0.0
19,Nick Ralston,1,1,0,0.0
20,Hamilcar Rashed Jr.,1,1,0,0.0
21,Craig Reynolds,1,0,1,0.0
22,LaRoy Reynolds,1,0,1,0.0
23,Calvin Ridley,1,0,1,0.0
24,Edmond Robinson,1,1,0,0.0
0,KeiVarae Russell,1,0,1,0.0
1,Curtis Samuel,1,0,1,0.0
2,Deebo Samuel,1,0,1,0.0
3,Emmanuel Sanders,1,0,1,0.0
4,Mohamed Sanu,1,0,1,0.0
5,Brandon Scherff,1,0,1,0.0
6,Dalton Schultz,1,0,1,0.0
7,Trent Scott,1,0,1,0.0
8,Vernon Scott,1,0,0,0.0
9,Tajae Sharpe,1,0,1,0.0
10,Jabaal Sheard,1,1,0,0.0
11,Trent Sieg,1,0,1,0.0
12,Devin Singletary,1,0,1,0.0
13,Saivion Smith,1,0,1,0.0
14,Jeff Smith,1,0,1,0.0
15,Jordan Smith,1,0,1,0.0
16,Lee Smith,1,0,1,0.0
17,Rodney Smith,1,1,0,0.0
18,Sutton Smith,1,0,1,0.0
19,Shi Smith,1,0,1,0.0
20,Trey Smith,1,0,1,0.0
21,Tyron Smith,1,0,1,0.0
22,Za'Darius Smith,1,0,1,0.0
23,Quinton Spain,1,0,1,0.0
24,Akeem Spence,1,1,0,0.0
0,Marquiss Spencer,1,1,0,0.0
1,Amon-Ra St. Brown,1,0,1,0.0
2,Terence Steele,1,0,1,0.0
3,Dillon Stoner,1,0,1,0.0
4,Tua Tagovailoa,1,1,0,0.0
5,Auden Tate,1,0,1,0.0
6,J.J. Taylor,1,0,1,0.0
7,Patrick Taylor,1,0,1,0.0
8,Ian Thomas,1,0,1,0.0
9,Kiondre Thomas,1,1,0,0.0
10,Cody Thompson,1,1,0,0.0
11,Colin Thompson,1,0,1,0.0
12,Nick Thurman,1,0,0,0.0
13,Carson Tinker,1,1,0,0.0
14,Johnny Townsend,1,0,1,0.0
15,Adam Trautman,1,0,1,0.0
16,Trai Turner,1,0,1,0.0
17,Halapoulivaati Vaitai,1,0,1,0.0
18,Greg Van Roten,1,0,1,0.0
19,Alijah Vera-Tucker,1,0,1,0.0
20,Tristan Vizcaino,1,0,1,0.0
21,Barrington Wade,1,1,0,0.0
22,Shaun Wade,1,1,0,0.0
23,P.J. Walker,1,1,0,0.0
24,Darren Waller,1,0,1,0.0
0,Nigel Warrior,1,0,1,0.0
1,Ar'Darius Washington,1,1,0,0.0
2,Brandon Rusnak,1,0,1,0.0
3,Curtis Weaver,1,1,0,0.0
4,Dede Westbrook,1,0,1,0.0
5,Ethan Westbrooks,1,0,1,0.0
6,Cody Whitehair,1,0,1,0.0
7,Tahir Whitehead,1,1,0,0.0
8,Jordan Wilkins,1,0,1,0.0
9,Javonte Williams,1,0,1,0.0
10,Maxx Williams,1,1,0,0.0
11,Rodarius Williams,1,0,1,0.0
12,Trent Williams,1,0,1,0.0
13,Xavier Williams,1,1,0,0.0
14,Ced Wilson,1,0,1,0.0
15,Jeff Wilson,1,0,1,0.0
16,Zach Wilson,1,0,1,0.0
17,Jameis Winston,1,0,1,0.0
18,Tristan Wirfs,1,0,1,0.0
19,Steven Wirtel,1,0,1,0.0
20,Robert Woods,1,0,1,0.0
21,Renell Wren,1,1,0,0.0
22,Isaiah Wynn,1,0,1,0.0
23,Kenny Yeboah,1,0,1,0.0
24,Demone Harris,0,0,0,0.0
0,,0,0,0,0.0
1,,0,0,0,0.0
2,,0,0,0,0.0
3,,0,0,0,0.0
